sampleid,key,kind,value
191012-sf96hc2jxj.json,rsa_pubkey,rsa_pubkey.plain,"-----BEGIN PUBLIC KEY-----
MHwwDQYJKoZIhvcNAQEBBQADawAwaAJhALk+KlHgOKXm9eDkWu2yN9lanjwOm6W2
PV0tgr4msNVby2pOJ6S1MZQnQwxl7y6WWzT4kveAQhLmW8JB2M2PDOxZOgVMJH2C
AtkVW1p/P9jNJWVvjK9SmrbLdIeiKNtRfQIDAQAB
-----END PUBLIC KEY-----
"
200806-shy9z2vyl6.json,key,rc4.plain,jYhz5VcscVh9Sy95ey5GJeOLZKpNCZUAFMt0RyLZroTMRbB
200806-shy9z2vyl6.json,key,rc4.plain,HXrA0oiMAmTgjHjqK867AJg9XmFnIdyYnyA89fK6bxgOqlLNP5JiVyZCltf
200811-8q4fq2yyya.json,req_key,rc4.i32,0x4e29ab2c
200811-8q4fq2yyya.json,http_key,rc4.i32,0x693d7eba
200901-rgcd9ac9t6.json,key,rc4.plain,jYhz5VcscVh9Sy95ey5GJeOLZKpNCZUAFMt0RyLZroTMRbB
200901-rgcd9ac9t6.json,key,rc4.plain,qmTODRQgz7NXji4n3O9PApN36REfbEBn6UMPoFBAXe5bKn3x5oRe4om2X2Q
201108-58smw7jr36.json,config,aes.plain,TptobGDWq1lq548yc7k7YkcxR22FzIil
201109-m1gtf412h2.json,config,aes.plain,
201109-qblhkr8l2n.json,key,rc4.plain,IZfMX3G6YNtcoc617J2ruClfjFOD9yEG8b4yTQ8ky
201109-qblhkr8l2n.json,key,rc4.plain,qjBfGtQC4l4gNFIjVetsLX3fmfTeGPBAtAsf0QbYyFppp2ef02laFFqr9WOeGXFqT
201113-rfx19pmtte.json,AES_key.RAW,AES_key,0f2a154d7c69ad154509b37bbe71177ccfacb08f6db5aa0186e335e96ee30386
210205-hjb4rw42a6.json,config,aes.plain,LdZBj5XnuNzNSpW8GJdXJ3s2e7hQu6sx
210212-rblb3kbkqj.json,config,aes.plain,LdZBj5XnuNzNSpW8GJdXJ3s2e7hQu6sx
210317-f5ppsg8dge.json,req_key,rc4.i32,0x9dd04d4a
210317-f5ppsg8dge.json,http_key,rc4.i32,0x53386bef
210327-1129ggnyde.json,req_key,rc4.i32,0x9dd04d4a
210327-1129ggnyde.json,http_key,rc4.i32,0x53386bef
210421-at2abbgasx.json,config,aes.plain,hknRKuBGFjkB6sZnbdg2jvsqElNu5O7p
210421-sgd3ljqpex.json,config,aes.plain,hknRKuBGFjkB6sZnbdg2jvsqElNu5O7p
210504-6aw2q8zsqe.json,config,aes.plain,WNvGP19TOk3tm5tnXq5CutYBLMcULEsk
210507-lnga3p1z1e.json,config,aes.plain,wVHJriMhTzAAGgTLo2tsMfZpXHAA6glS
210507-wph6fgxc3j.json,config,aes.plain,re1wVJgEKhdUWlpgqRx0dTbzivabKZGG
210531-yjrqfyrjze.json,config,aes.plain,mTo6k2HFbwkEky1jZAhGsmddHWMMlgEk
210601-x2l4fd778x.json,config,aes.plain,jbg9dRIOq1AGzwl8xmtPqGvO9dgNJ3ut
210602-bjn8t1gztj.json,config,aes.plain,mTo6k2HFbwkEky1jZAhGsmddHWMMlgEk
210603-m2py9rhgnn.json,config,aes.plain,jbg9dRIOq1AGzwl8xmtPqGvO9dgNJ3ut
210609-fzshpe3d5j.json,config,aes.plain,jbg9dRIOq1AGzwl8xmtPqGvO9dgNJ3ut
210609-mwtxgrcdsx.json,config,aes.plain,jbg9dRIOq1AGzwl8xmtPqGvO9dgNJ3ut
210610-cb6pq2yhrx.json,config,aes.plain,mTo6k2HFbwkEky1jZAhGsmddHWMMlgEk
210622-wdab59z8zj.json,config,aes.plain,jbg9dRIOq1AGzwl8xmtPqGvO9dgNJ3ut
210624-bdmswv26h6.json,config,aes.plain,mTo6k2HFbwkEky1jZAhGsmddHWMMlgEk
210624-h1m5pwqbyx.json,config,aes.plain,mTo6k2HFbwkEky1jZAhGsmddHWMMlgEk
210628-dew3qc1bds.json,config,aes.plain,jbg9dRIOq1AGzwl8xmtPqGvO9dgNJ3ut
210630-9hz66l11te.json,config,aes.plain,mTo6k2HFbwkEky1jZAhGsmddHWMMlgEk
210705-zt7cs4crka.json,config,aes.plain,11yCIHTR3E9fpsiaXStgmQy3mIl5u8YK
210713-d7r912nl1s.json,config,aes.plain,mTo6k2HFbwkEky1jZAhGsmddHWMMlgEk
210714-1l8lesn7s2.json,config,aes.plain,mTo6k2HFbwkEky1jZAhGsmddHWMMlgEk
210715-nzm6yvxl1s.json,config,aes.plain,mTo6k2HFbwkEky1jZAhGsmddHWMMlgEk
210720-5cqkd4tlh6.json,config,aes.plain,jbg9dRIOq1AGzwl8xmtPqGvO9dgNJ3ut
210720-5cqkd4tlh6.json,ecc_pubkey,ecc_pubkey.base64,RUNTMzAAAAAL/ZqmMPBLaRfg1hPOtFJrZz2Zi2/EC4B3fiX8VnaOUVKndBr+jEqWc7mw4v3ADTiwp64K5QKe1LZ27jUZxL4bWjxARPo85hv72nuedeZhRQ+adQQ/gIsV869MycRzghc=
210920-tbmfsahbhm.json,aes_key,aes.plain,gK1eFUnNeExazKvTMllMQ1G9u2AUDDaT
220113-ezj81afga4.json,aes_key,aes.plain,X4hrigfnBGN6cHW2TOo9bD1MpNNKAqJ3
220113-h9ja8sgde8.json,aes_key,aes.plain,SvofD8uZ2DfdralUGO7wz9yWKo9oNojY
220119-wdqx4acadk.json,aes_key,aes.plain,X4hrigfnBGN6cHW2TOo9bD1MpNNKAqJ3
220120-xnsp4sbbfm.json,rsa_pubkey,rsa_pubkey.plain,MIIBIjANBgkqhkiG9w0BAQEFAAOCAQ8AMIIBCgKCAQEAugqZ4ATE9+9FqununW/DBvGosnUX/bNxQzMYUmE14GJIbNa6vwYSNXOlG09mvdAqZqD3lXihWDjy25+gzqSeS+Fs2qNyTdfGPA8iu2xx5RRUXKLGFThxtIzg3fohAK3+LxJVhxtuITAT38IHacc7dVLHsrddu4UDjiHGFdvXjB55Nwe5cu1BYylHsARMYycBA2FwLP57cKvc2/C3OXBAF6qbsVXBcyFhrKOOYA/+5IjFfEhgHy2FLHRf8lmPQPbSlrM6dk+W4D5KVqOPx/eFp0geUJJlmlre3flI29qWS20bkGqAEz9j07y69HGYN9Nt7+DRgBwrpNo/EkZkuaSTtQIDAQAB
220120-xp4trsbbh8.json,rsa_pubkey,rsa_pubkey.plain,MIIBIjANBgkqhkiG9w0BAQEFAAOCAQ8AMIIBCgKCAQEA0B0ni9tyKHSJmU6gc1iRwNTklYocRKmLPUyOthUIHnZHwL1M2pKlMBwXx81bboVS6Cf8YaCoWW1bCmLwPX421sG22xkmtMy/SfiG8jaYtYiA7r7hOdIUnJgRo6vDvNafZlSD32tFVVjuX8Ec79qj2FM7/MmNcseUgpIQaEACuZcSzMK+jZA4BLT9b5Akkec2hPOXGTPmgaXjL9EJE+0rhNZcm/m6xe4/S5eL2kSCVsNUeG8xWuSO2kDRS8xY3rtJOCNEdqZp1rxzTkhgj3hHqr7AoFAkxNblQ538JcdF5+CGINxckA/ldmP7wQd92tmFk2vcl2WeQykFwMM6L6MsQwIDAQAB
220120-xph73abbh4.json,rsa_pubkey,rsa_pubkey.plain,MIIBIjANBgkqhkiG9w0BAQEFAAOCAQ8AMIIBCgKCAQEAuuAQlnowSGaSi2XgnwaHQAFZ6e7C0SwpAyyLTncJ4l5cwFbM+mwnV+iV3a+ert8WqOmW1aKOCjTPXrXNoirQgboVpLfhIIT1uOOss4O8lodRxgB6QrLCI7PYMZ+8VgIdEPPzsjmTFLxFc7DERxnSjhGdRQIjZNjm7bGScJD0MayDL9KTkVdJtC+C9n5dwEwg6XtQbwLDeaGZaByOgB/zR6tlcPQCNU9rj1qfcVrI/dFW4br/NnJbqrH714z+dvCa18IJTcu3kW74CAilvHrl5qFDd8CCQhjLrjQDPxAoCba9aXKr6dwt34/MU0tVRTYjzMAxR4yTh3oEjVT+HifvVwIDAQAB
220120-xptc2abbh7.json,rsa_pubkey,rsa_pubkey.plain,MIIBIjANBgkqhkiG9w0BAQEFAAOCAQ8AMIIBCgKCAQEAwMQXFMtYf60KrbUVwNVoPhhrCTNMY3Zv+/WULZRZfJ4dMhYozDxtRVdtBDKtuYuHCGLu/Ymf9wKFFXgVH3En7qI1sU2UdjNR4086X8oSTMUn/GwEAEIZAHtSFuk6AXcXW+eO0yxPF+lt5AZcNnJocWBVZ8RWGvsQdtGgtZalttAynROC4RUGkvD1h1ssMteHWneFLpfzSPGlbu0s0cemsrTPmhexGIenup/YjNdmhbfvvYE9kZfPebGtZHw6oQXWcG7sAlvkGciJl3Eo9FznNj0K+v8WQW5L/UbosZaYVJbxlbtySvqUqZbkLKsmp91tr9bvTiDMZuXZS7iHVqchUQIDAQAB
220120-xq1hqsbbgq.json,rsa_pubkey,rsa_pubkey.plain,MIIBIjANBgkqhkiG9w0BAQEFAAOCAQ8AMIIBCgKCAQEA8tKPNFCbU5Unr9jxlTk4RmUdVhcRydJFts6hMpLzcAXIR2yxiNC0QiF4UovAIpGwX6kxOW7kOaOvABJQP6QENMNSg030VlLoTP+ndfFwIt+X+RUflG4UWPE8yu+kzGpCwp7UjX+hD/SpFbSFRRh3BvL3vEq04DzE0AzifEBE4yxKpLsrMsXyZzWy9Nza8NTO2jrBxoEVM2xCLkULp0wZEPDwgeKGkoxMzqavVWBC+Vxi0atKstbo7/TloNenPagl/eUErk9C8tT67zKgbEh3TFtREgaxa/yrjBvN48BU8JGGxLxy4AeGF0vOUdD0WkJsWYzLVg21ApgJaCDr5zDPuQIDAQAB
220120-xqdzqsbbh9.json,rsa_pubkey,rsa_pubkey.plain,MIIBIjANBgkqhkiG9w0BAQEFAAOCAQ8AMIIBCgKCAQEAqEoytNrMZRoqyIsFpcjiqVWpuV+cC9jS1umXNg/AnJF/xE7LONAmb1p8Dsx1igIUd65IXfFUxmJjFO5hf8LIBzvjUbBll4lbSgGTAUHa3Jbmr/imle6QftmY32J7dDb4WuJUOx+vLNT0I72CESiyotSzwgvLwjyubTmzTJMkqviYOcgDj45NVOx669cG6FWEaJo3PUZzRx9LS6pkOn8tW+W4NzmHMcrma+LOakan7NU6Khv5Hf5ARNsAA+KvDfP1WXJ/VsLXj6x8SdX0v2iS+y58ehUUmlxc8HNsYdOGFwrwYX9zLyJDedsbPg02c4AE4KXt8vH4+j4lVFtruSy4vwIDAQAB
220120-xqtp7abbgp.json,rsa_pubkey,rsa_pubkey.plain,MIIBIjANBgkqhkiG9w0BAQEFAAOCAQ8AMIIBCgKCAQEAwMQXFMtYf60KrbUVwNVoPhhrCTNMY3Zv+/WULZRZfJ4dMhYozDxtRVdtBDKtuYuHCGLu/Ymf9wKFFXgVH3En7qI1sU2UdjNR4086X8oSTMUn/GwEAEIZAHtSFuk6AXcXW+eO0yxPF+lt5AZcNnJocWBVZ8RWGvsQdtGgtZalttAynROC4RUGkvD1h1ssMteHWneFLpfzSPGlbu0s0cemsrTPmhexGIenup/YjNdmhbfvvYE9kZfPebGtZHw6oQXWcG7sAlvkGciJl3Eo9FznNj0K+v8WQW5L/UbosZaYVJbxlbtySvqUqZbkLKsmp91tr9bvTiDMZuXZS7iHVqchUQIDAQAB
220120-xrgr1sbca6.json,rsa_pubkey,rsa_pubkey.plain,MIIBIjANBgkqhkiG9w0BAQEFAAOCAQ8AMIIBCgKCAQEA8tKPNFCbU5Unr9jxlTk4RmUdVhcRydJFts6hMpLzcAXIR2yxiNC0QiF4UovAIpGwX6kxOW7kOaOvABJQP6QENMNSg030VlLoTP+ndfFwIt+X+RUflG4UWPE8yu+kzGpCwp7UjX+hD/SpFbSFRRh3BvL3vEq04DzE0AzifEBE4yxKpLsrMsXyZzWy9Nza8NTO2jrBxoEVM2xCLkULp0wZEPDwgeKGkoxMzqavVWBC+Vxi0atKstbo7/TloNenPagl/eUErk9C8tT67zKgbEh3TFtREgaxa/yrjBvN48BU8JGGxLxy4AeGF0vOUdD0WkJsWYzLVg21ApgJaCDr5zDPuQIDAQAB
220121-22txjscbf4.json,payload_key,xor.base64,UQSoW5JE4zfi+Mk8nV6iegwwJaWNcHwCmaQGD7gKPkUq3aYsqxz5iPhRgpVXNrvTBYkjfkbIddqWfR/ntuM0HSC1e4R99fZgTSmYbWyPDavfYfTWXKHPs2jVFbgLf4n2OQ5xIXoRSDlLgm3GaisKwNQ68q8RPcQLYa7uEAHQh07z5g75cOpBkRwea54//ACY0pKLBy+Wwtx/yuTpHqhYJ4i/wFLFQhsuGvdgOzVU1XGna13YJG6XtDCj/UHQAVb/QhfZKsMbEIYTTzqTMi3Tyb3DWnT+x60Nznu3GunZbxRb6NeD2PMuX+UgM2SEheiidpQszfefZuXHzEzy57Ih7FEEqFuSROM34vjJPJ1eonoMMCWljXB8ApmkBg+4Cj5FKt2mLKsc+Yj4UYKVVza70wWJI35GyHXaln0f57bjNB0gtXuEffX2YE0pmG1sjw2r32H01lyhz7No1RW4C3+J9jkOcSF6EUg5S4JtxmorCsDUOvKvET3EC2Gu7hAB0IdO8+YO+XDqQZEcHmueP/wAmNKSiwcvlsLcf8rk6R6oWCeIv8BSxUIbLhr3YDs1VNVxp2td2CRul7Qwo/1B0AFW/0IX2SrDGxCGE086kzIt08m9w1p0/setDc57txrp2W8UW+jXg9jzLl/lIDNkhIXoonaULM33n2blx8xM8ueyIexRBKhbkkTjN+L4yTydXqJ6DDAlpY1wfAKZpAYPuAo+RSrdpiyrHPmI+FE=
220121-248hqacfcm.json,key,rc4.plain,aZ4nAZxZds97wJo148gE6uuIfMcVFQNJFZo
220121-248hqacfcm.json,key,rc4.plain,KtJKkCCDbl8PNrybKvRlyepBbJhsTVNAM2ztZXm214NXYxPCIFyyaAmvKIZzKcIWqVLvOCR
220121-26t34scde4.json,key,rc4.plain,jYhz5VcscVh9Sy95ey5GJeOLZKpNCZUAFMt0RyLZroTMRbB
220121-26t34scde4.json,key,rc4.plain,HXrA0oiMAmTgjHjqK867AJg9XmFnIdyYnyA89fK6bxgOqlLNP5JiVyZCltf
220121-28ndcacggr.json,payload_key,xor.base64,Yo6RiaEUNVnuLip5jJlw6zYSw2p222d+wrFcnxwdo80KlfaPBl7eX5d404DwoNXy3xhstdrhEIRr/AWlxCNLF7ObnpauZYaq+397ypmmffiHHxS7g+i4i88CraxtbvQeW+ZH4Fev67CkheDRQfEmQzBpvcIrMmHVeAlW9hV0nGgE7O/n/7aTt0zQiNjq985J2HAhDNQ5CdwgU/79vnsBb6zzmO2ovDwB9dYxIpL+d5SBusoTfIOy4slapwNmxal1ET1AOFAH5Aid3dkoO0gfmuXBchklihYtcaQLTg/MUsC5ROk++Q2NDkYngnPjT8ihjscbZM2QvzMaq7RUt9L6xmKOkYmhFDVZ7i4qeYyZcOs2EsNqdttnfsKxXJ8cHaPNCpX2jwZe3l+XeNOA8KDV8t8YbLXa4RCEa/wFpcQjSxezm56WrmWGqvt/e8qZpn34hx8Uu4PouIvPAq2sbW70HlvmR+BXr+uwpIXg0UHxJkMwab3CKzJh1XgJVvYVdJxoBOzv5/+2k7dM0IjY6vfOSdhwIQzUOQncIFP+/b57AW+s85jtqLw8AfXWMSKS/neUgbrKE3yDsuLJWqcDZsWpdRE9QDhQB+QInd3ZKDtIH5rlwXIZJYoWLXGkC04PzFLAuUTpPvkNjQ5GJ4Jz40/IoY7HG2TNkL8zGqu0VLfS+sZijpGJoRQ1We4uKnmMmXDrNhLDanbbZ37CsVyf
220121-29pykachcn.json,key,rc4.plain,NRjNih9O8ZgqaPp8UU3GI6tQtyVzjZT5hqK
220121-29pykachcn.json,key,rc4.plain,55SIco0CxR5pcCMxNnZl2zFr24BR0ipsrFq2RxgsLjgD6kOcg7rtO0Tk8bP3ZAdw0XbDjPS
220121-2rkacsbfh9.json,payload_key,xor.base64,XsYc0khdpVO0BNlPADrMbqJChvycBmp+mM1CLmuntU32C0vbI4PcmOxKcEm/I3to2og95ncAgmcw9iaTg+wpsy014wFbjHSCG3Ooctdpk91xsVXvrwk5rW/wXZ06FkC8RT4aCvLyo/ezfce4DpLKx6nnjFXGf1HWhyX1wlIf+OI4ZLI0KvsH8Raif6Gm2GLADOBgXn54iBx6LyzMiUUX61Bt6XlB5b76TqyWFxnBmTak6p9YlWIgBZIoRPVtTk8Vj9MBY/kq1iDlEQoQsct9P9NfN43N118PyZ7zO4RI5lon3LioEFQNKR0boRroMJQ5C1lut2TRM3RhhyskPL0eRF7GHNJIXaVTtATZTwA6zG6iQob8nAZqfpjNQi5rp7VN9gtL2yOD3JjsSnBJvyN7aNqIPeZ3AIJnMPYmk4PsKbMtNeMBW4x0ghtzqHLXaZPdcbFV768JOa1v8F2dOhZAvEU+Ggry8qP3s33HuA6Sysep54xVxn9R1ocl9cJSH/jiOGSyNCr7B/EWon+hpthiwAzgYF5+eIgcei8szIlFF+tQbel5QeW++k6slhcZwZk2pOqfWJViIAWSKET1bU5PFY/TAWP5KtYg5REKELHLfT/TXzeNzddfD8me8zuESOZaJ9y4qBBUDSkdG6Ea6DCUOQtZbrdk0TN0YYcrJDy9HkRexhzSSF2lU7QE2U8AOsxuokKG/JwGan6YzUIua6e1TfYLS9sjg9yY7Eo=
220121-2sh4pacbak.json,key,rc4.plain,jYhz5VcscVh9Sy95ey5GJeOLZKpNCZUAFMt0RyLZroTMRbB
220121-2sh4pacbak.json,key,rc4.plain,HXrA0oiMAmTgjHjqK867AJg9XmFnIdyYnyA89fK6bxgOqlLNP5JiVyZCltf
220121-2tpymabha5.json,payload_key,xor.base64,U/NXcZllAS4wKEGz1PiNzckZKzgPitWxYwkVegcdYVD8Pru8QmyqNJUvpf19/jYYch+PP3SRfrcLVHmBryQKm6REZMLqtlI7PTVOBCVJmh4aajhFHJcmvrRaIodYKm6hTUsMDZO9+4XmgPZOik9DJX9w4JDF4s8IXGHK0gB1F6j1lbUTOwejjI6Gn1UyVutvJ3eJlm3odw/Bq3PYqXu/8p6cXRqgDkySN41HW9uglHbQwTGdFjMgWWmyGyNRgmj5RqIGZEgUsN3f1/Cmg6c8fHjI2ue+OYRgErjEKbbMEEOr7a5r8V9Z44jemKwsreXHIRKC7mdALWa6A2wwXtO5SlPzV3GZZQEuMChBs9T4jc3JGSs4D4rVsWMJFXoHHWFQ/D67vEJsqjSVL6X9ff42GHIfjz90kX63C1R5ga8kCpukRGTC6rZSOz01TgQlSZoeGmo4RRyXJr60WiKHWCpuoU1LDA2TvfuF5oD2TopPQyV/cOCQxeLPCFxhytIAdReo9ZW1EzsHo4yOhp9VMlbrbyd3iZZt6HcPwatz2Kl7v/KenF0aoA5MkjeNR1vboJR20MExnRYzIFlpshsjUYJo+UaiBmRIFLDd39fwpoOnPHx4yNrnvjmEYBK4xCm2zBBDq+2ua/FfWeOI3pisLK3lxyESgu5nQC1mugNsMF7TuUpT81dxmWUBLjAoQbPU+I3NyRkrOA+K1bFjCRV6Bx1hUPw+u7xCbKo0lS+l/X3+NhhyH48/dJF+twtUeYGvJAqbpERkwuq2Ujs9NU4EJUmaHg==
220121-2xpf9scchp.json,payload_key,xor.base64,l7HZpUFucGiB8xQ4zQ0KWWt5UMsW8aNJVbpHXaKRPH77/IKs6nTVb+U+vT92WLJfz3+00b73S5S6we9kStvkhaQCKvaSe311jkRlidpeW6p4hl3YZ/70mmLHmGqv4o2LTE3T/TvFJsA2j8qQg2W/sCDQBSIPSJyhCxJAtVfoNdb1U3tH48zOxt+VcpYrr2i3ydeuKbhPAeuzGOm7ADPe3J1a4E6M0nfNh5wb4dS2EAFx3VZzYJmp8lxjkcKoOYbjRqSIVPAdHxcw5sPnfLy5CBoo/3rFoFL4BGn2DFGE6y3uqzGfmSPIHtjtbO4lB2FSwi6ngG2m+kOtcJ4T+YqTNJex2aVBbnBogfMUOM0NCllreVDLFvGjSVW6R12ikTx++/yCrOp01W/lPr0/dliyX89/tNG+90uUusHvZErb5IWkAir2knt9dY5EZYnaXluqeIZd2Gf+9Jpix5hqr+KNi0xN0/07xSbANo/KkINlv7Ag0AUiD0icoQsSQLVX6DXW9VN7R+PMzsbflXKWK69ot8nXrim4TwHrsxjpuwAz3tydWuBOjNJ3zYecG+HUthABcd1Wc2CZqfJcY5HCqDmG40akiFTwHR8XMObD53y8uQgaKIcCTSjagIzxfpTZDHO1djO5JyGrUKZgdPR2rY/p2kq2Lwj1LoLLNfgmm4ESG7wfOWEtyfb48A==
220121-3frezachd3.json,payload_key,xor.base64,UQSoW5JE4zfi+Mk8nV6iegwwJaWNcHwCmaQGD7gKPkUq3aYsqxz5iPhRgpVXNrvTBYkjfkbIddqWfR/ntuM0HSC1e4R99fZgTSmYbWyPDavfYfTWXKHPs2jVFbgLf4n2OQ5xIXoRSDlLgm3GaisKwNQ68q8RPcQLYa7uEAHQh07z5g75cOpBkRwea54//ACY0pKLBy+Wwtx/yuTpHqhYJ4i/wFLFQhsuGvdgOzVU1XGna13YJG6XtDCj/UHQAVb/QhfZKsMbEIYTTzqTMi3Tyb3DWnT+x60Nznu3GunZbxRb6NeD2PMuX+UgM2SEheiidpQszfefZuXHzEzy57Ih7FEEqFuSROM34vjJPJ1eonoMMCWljXB8ApmkBg+4Cj5FKt2mLKsc+Yj4UYKVVza70wWJI35GyHXaln0f57bjNB0gtXuEffX2YE0pmG1sjw2r32H01lyhz7No1RW4C3+J9jkOcSF6EUg5S4JtxmorCsDUOvKvET3EC2Gu7hAB0IdO8+YO+XDqQZEcHmueP/wAmNKSiwcvlsLcf8rk6R6oWCeIv8BSxUIbLhr3YDs1VNVxp2td2CRul7Qwo/1B0AFW/0IX2SrDGxCGE086kzIt08m9w1p0/setDc57txrp2W8UW+jXg9jzLl/lIDNkhIXoonaULM33n2blx8xM8ueyIexRBKhbkkTjN+L4yTydXqJ6DDAlpY1wfAKZpAYPuAo+RSrdpiyrHPmI+FE=
220121-3g28vsdcgn.json,payload_key,xor.base64,YYTvw/OXd6pymiEGZs9LE4axYk0IQy/4l0cYkEf7zp2YXVmb6jOiA6xzm9+cp0HovQndIg/cJVGOHx4tsVA5NtI1UHAkiNjbo8uSt5N8vED33tP6BbRcKfj0FYWoKD+OyYpWyFtgE7AdoIgMzdSyGe62DlNwDZb+/0xPWuKBNmcDJoGhUTkJzBQ8w+TEre3x5NME73bljVYp6UYyGVlgPzr/h3mMkQClCpX5vT7J40ZfqztEbbqDLyBBfIsf8meUMFfyzoJmen1FbTTZNZ4a4lUAdRynEv6HJha3Y0pKnWxrLOim/T5x0nvCKq4rdlS7TNhs9d7r9CCR7q04QCPIxWGE78Pzl3eqcpohBmbPSxOGsWJNCEMv+JdHGJBH+86dmF1Zm+ozogOsc5vfnKdB6L0J3SIP3CVRjh8eLbFQOTbSNVBwJIjY26PLkreTfLxA997T+gW0XCn49BWFqCg/jsmKVshbYBOwHaCIDM3Ushnutg5TcA2W/v9MT1rigTZnAyaBoVE5CcwUPMPkxK3t8eTTBO925Y1WKelGMhlZYD86/4d5jJEApQqV+b0+yeNGX6s7RG26gy8gQXyLH/JnlDBX8s6CZnp9RW002TWeGuJVAHUcpxL+hyYWt2NKSp1sayzopv0+cdJ7wiquK3ZUu0zYbPXe6/Qgke6tOEAjyMVhhO/D85d3qnKaIQZmz0sThrFiTQhDL/iXRxiQR/vOnZhdWZvqM6IDrHOb35ynQei9Cd0iD9wlUY4fHi2xUA==
220121-3j8hnaddgk.json,aes_key,aes.plain,HroO6jGRu58zMXkXtALO9Z4vSsTwFblV
220121-3kmycadba7.json,key,rc4.plain,i2ZS32YTni9nYrGYsOvvnVlJG9VuVdC3dpO
220121-3kmycadba7.json,key,rc4.plain,mefLr87MN2C5YKiP2468YkS7dt12HY60fGl6IUHfvPxgWFfW5kmtTK6gGEiFL6aJ5XbzTt1
220121-n1frmsghe4.json,rsa_pubkey,rsa_pubkey.plain,MIIBIjANBgkqhkiG9w0BAQEFAAOCAQ8AMIIBCgKCAQEAzsHFukaUk4GfMUiz/tqZZb/YriWiVlN3OBbYeaNXnSVuJhsRMxzw6nZqdK0k+yMKgY/AZ/xMWDB8mc2o6YFwg2KSG2EgOviYwJwOkQXgKuJIC2cDFhG4Ub0Yxz+zLex2zkeM3SDpew9AbcxNrotlxN5ePxMMOfSGF6YjRkEMROqLRh2XTXs9+3bJrzobq40oDftbICaKV838bF6+dgBh50ZbES6eTov+95qz79/K9WVqrbXKQuF7AMP3qdHmHtkK03IzZSabUojWyjkIs6G4ya8rjJlemYqwunIiFJB2L2OJQQ36uV2K6ZNMjqV1Wc+x7D9hOw841YW/gvj/xKTo3QIDAQAB
220121-n1q8dahbfl.json,rsa_pubkey,rsa_pubkey.plain,MIIBIjANBgkqhkiG9w0BAQEFAAOCAQ8AMIIBCgKCAQEAzXI20ZtGD+YfYjauMB5yIx1XZcTzOko7mVBC6kBvVDkbiLDenVKf4hQRveYwFaFA6meeeLpS8DGTNT/km7nbCauUSwoBn511mSUuoqD0vEw+5Nm4oWb5zQK7p8Pzzigt62YbqSJq7VEUX9CICoFD/rGUExP3XJ+2WwN1d6WcCMU4vvyQPdM+enZfTpZyX9alNGZI/fnhIFL87F9eLOoSqgsswbFGyTKGCyS40/HMe7RqPPTP+BVI3Wukgb6tCCns5Opvel/KF0zj2Pvsuu7ziMiuJED3ukOTnCfZFtelog29Ir1iqiIgp6Ny8E0ZI2lteXqgOL8fZyEfCLELJ/N5AwIDAQAB
220121-nz6axaghe3.json,rsa_pubkey,rsa_pubkey.plain,MIIBIjANBgkqhkiG9w0BAQEFAAOCAQ8AMIIBCgKCAQEA1XTQmK0Lu8tmo0iT7Ug1nx+uO1ZEIv5rHG9hTpMVrIdmRTUMVFFO/WU5MQkGUzEVnG826KDiPMQhq+8bZevc7FBAmE50wI3W/8wg/EqsyiOg/i8c2VMcqg3EyeRXSAa92oNa1s7tFhkGWDzWXGK8vdjhIO2YM5SKn/frsxlBg4cYukhTu3bDUlb9JH/J+6325ApywNwBmmninc4la+3DHywMYzny//mtCB7oRmz6/EOoLoeYaVMhJtFmLkcTMHVbkDOPXAjYYFElLkliNKX+S6kdWpGCAZ7bk6IsRxDpiyt8JLKLiFV8ypJevDFCDFhSOP0B7dfF1ZKdmMFeI3LupwIDAQAB
220121-nzv5yaghe2.json,rsa_pubkey,rsa_pubkey.plain,MIIBIjANBgkqhkiG9w0BAQEFAAOCAQ8AMIIBCgKCAQEAzM77WX4tcvwLxcDlGzZntmwxdav0/aeinyVlQ9QVqbW3VbbBqqocVmGnzupo9F0tqReCdhgLQGgf7sMXk8j5CvZUQtWaqGaiY9LR6xp+lGvV0aTMbFzHPY+HCtJtpKbdn3UYcIv3wCT2aDZHQCMrjj+J7BokVHncbZCXdMLhLNPVk4cpVgTiQ2HV03FWsA8eYRoADNt4GPiSRYuPOFPKrWzWBeVZcPcdso9QvCpJ0frbrTPd922oFtF7cKVrSFRUGVDIbflhWydt1krTipjrxjR+aXY4QlGf8hnpxSQc02lkidPHdrY4zL3fgdSmOUz+8j988S1CUGAAk7tR/bF8tQIDAQAB
220124-dyc8mabbfq.json,payload_key,xor.base64,2Or4z0qVcCKFkPWCmN0Qd7l6N70rJa9UqmR5+Hqxk+3fT7ozDPkzhs85/CqfhRYfwCM+ZjLN+v30DX+hxFqZluX3BdxXon0v1uFG0+kuHcgKh4gOOHYAYftyyknLAuQ+7FwLQF1KhNcgRk178NZncBEwj7eDHgcKARrQ8hVn6uc2BBLpZPOKgCfuUyT2O24ZF9jZX4nHUbJMwhtWHA/xSz2tXJGum9UoLZeezEHjdMFigeAI1G9YW1JrIf8iuDv0Q1VjOrVE2414P6R1R4y/amgp5mzaGF4DWRMop21gQpyO/mni/+wmNX7o7x1ONMUSb9IxFeF8qayjvHJQcwlIRZSmtIsGUSzehZD1gpjdEHe5eje9KyWvVKpkefh6sZPt30+6Mwz5M4bPOfwqn4UWH8AjPmYyzfr99A1/ocRamZbl9wXcV6J9L9bhRtPpLh3ICoeIDjh2AGH7cspJywLkPuxcC0BdSoTXIEZNe/DWZ3ARMI+3gx4HCgEa0PIVZ+rnNgQS6WTzioAn7lMk9jtuGRfY2V+Jx1GyTMIbVhwP8Us9rVyRrpvVKC2XnsxB43TBYoHgCNRvWFtSayH/Irg79ENVYzq1RNuNeD+kdUeMv2poKeZs2hheA1kTKKdtYEKcjv5p4v/sJjV+6O8dTjTFEm/SMRXhfKmso7xyUHMJSEWUprSLBlEs3oWQ9YKY3RB3uXo3vSslr1SqZHn4erGT7d9PujMM+TOGzzn8
220124-gbjzfachb2.json,payload_key,xor.base64,5zZIVi2o886AJzKXJDp/bhlb2NlficdRskzDG5ocUzWPPa1cka6b1Shxl57MQSe4wWKB4AjUb1hbUmshQ2a4OziHVWM6tUTb0Xg/pHVHjL9qaCkqsNoYogOdFGynbWBCnI7+reL/7CZ5fujvHZI0xRKz0jFZJcCprKO8clBzCYxFlKa0iwaVLN7JkPXGmN0Qu7l6N70raa9UqmV5+L6xk+3fT7ozUD13hs85QG6fhRZjwCOCZjLN+v30DcOhxFqZluX3BdxXon0v1uFG0+kuYcgKy4gOfHYApfu2yknLAuQ+MKALhF1KhNcgik178NZncBF0j7eDHktORV7Q8hWr6uc2SFYtqPPOgCcylyQ6f24ZW9jZX4nHUbJMwxuaHFM1jz2tXJGum9UocZeezEEnuMFigeAI1G9YW1JrIUNmuDs4h1VjOrVE29F4P6R1R4y/amgpKrDaGKIDnRRsp21gQpyO/q3i/+wmeX7o7x2SNMUSs9IxWSXAqayjvHJQcwmMRZSmtIsGlSzeyZD1xpjdELu5eje9K2mvVKplefi+sZPt30+6M1A9d4bPOUBun4UWY8AjgmYyzfr99A3DocRamZbl9wXcV6J9L9bhRtPpLmHICsuIDnx2AKX7tspJywLkPjCgC4RdSoTXIIpNe/DWZ3ARdI+3gx5LTkVe0PIVq+rnNkhWLajzzoAnMpc=
220127-zrswdsahf9.json,rsa_pubkey,rsa_pubkey.plain,"-----BEGIN PUBLIC KEY-----
MIIBIjANBgkqhkiG9w0BAQEFAAOCAQ8AMIIBCgKCAQEAySvJe4pbMTqEDdvkfCfg
WsoZettxwhnWgBKj0DwwB6q4GVpU6ok9hebLZMXCCfWTc3XC5/tulGRMny4haD3n
QkghxWlfpvEi2+R4SrOqebaJimYX36wc/wLaLLbq47hsXwg6pbW7/QKhDKa6QzFR
qFy/0pm5dybfpcsH6WwFcREFb0v/2QlAckg989gFOs1TxoK7D8C5MSAgS0qb/MrB
DryP9LspdCJsB2RDPuwtuhl4kU5GrhMW5cpgm81rKjVgXN/y0tedaVHt1tEr074H
FPSwhKHoEDtOkHg+3UNFAAZna7C3EJ3wbgtfQwTZ1DQnBFaTKXRDDaaQWiwiAvpx
TQIDAQAB
-----END PUBLIC KEY-----"
220127-zrswdsahf9.json,key,serpent.plain,bMR97fys2FjTpque
220128-11dcqsfba7.json,req_key,rc4.i32,0xdbe946d2
220128-11dcqsfba7.json,http_key,rc4.i32,0xb61de5bb
220128-12grjsfbc9.json,ecc_pubkey,ecc_pubkey.base64,RUNTMzAAAADzIIbbIE3wcze1+xiwwK+Au/P78UrAO8YAHyPvHEwGVKOPphl8QVfrC7x/QaFYeXANw6E4HF7ietEp+7ZVQdWOx8c+HvO0Z2PTUPVbX9HAVrg4h9u1RNfhOHk+YysDLsg=
220128-151zlaehep.json,ecc_pubkey,ecc_pubkey.base64,RUNTMzAAAADzIIbbIE3wcze1+xiwwK+Au/P78UrAO8YAHyPvHEwGVKOPphl8QVfrC7x/QaFYeXANw6E4HF7ietEp+7ZVQdWOx8c+HvO0Z2PTUPVbX9HAVrg4h9u1RNfhOHk+YysDLsg=
220128-175qkafdb9.json,ecc_pubkey,ecc_pubkey.base64,RUNTMzAAAADzIIbbIE3wcze1+xiwwK+Au/P78UrAO8YAHyPvHEwGVKOPphl8QVfrC7x/QaFYeXANw6E4HF7ietEp+7ZVQdWOx8c+HvO0Z2PTUPVbX9HAVrg4h9u1RNfhOHk+YysDLsg=
220128-197ypsfdf2.json,ecc_pubkey,ecc_pubkey.base64,RUNTMzAAAADzIIbbIE3wcze1+xiwwK+Au/P78UrAO8YAHyPvHEwGVKOPphl8QVfrC7x/QaFYeXANw6E4HF7ietEp+7ZVQdWOx8c+HvO0Z2PTUPVbX9HAVrg4h9u1RNfhOHk+YysDLsg=
220128-1cntkaeafq.json,ecc_pubkey,ecc_pubkey.base64,RUNTMzAAAADzIIbbIE3wcze1+xiwwK+Au/P78UrAO8YAHyPvHEwGVKOPphl8QVfrC7x/QaFYeXANw6E4HF7ietEp+7ZVQdWOx8c+HvO0Z2PTUPVbX9HAVrg4h9u1RNfhOHk+YysDLsg=
220128-1j1rpsefe4.json,ecc_pubkey,ecc_pubkey.base64,RUNTMzAAAADzIIbbIE3wcze1+xiwwK+Au/P78UrAO8YAHyPvHEwGVKOPphl8QVfrC7x/QaFYeXANw6E4HF7ietEp+7ZVQdWOx8c+HvO0Z2PTUPVbX9HAVrg4h9u1RNfhOHk+YysDLsg=
220128-1jl9baecbr.json,ecc_pubkey,ecc_pubkey.base64,RUNTMzAAAADzIIbbIE3wcze1+xiwwK+Au/P78UrAO8YAHyPvHEwGVKOPphl8QVfrC7x/QaFYeXANw6E4HF7ietEp+7ZVQdWOx8c+HvO0Z2PTUPVbX9HAVrg4h9u1RNfhOHk+YysDLsg=
220128-1kwt5secel.json,ecc_pubkey,ecc_pubkey.base64,RUNTMzAAAADzIIbbIE3wcze1+xiwwK+Au/P78UrAO8YAHyPvHEwGVKOPphl8QVfrC7x/QaFYeXANw6E4HF7ietEp+7ZVQdWOx8c+HvO0Z2PTUPVbX9HAVrg4h9u1RNfhOHk+YysDLsg=
220128-1m1k4segc6.json,ecc_pubkey,ecc_pubkey.base64,RUNTMzAAAADzIIbbIE3wcze1+xiwwK+Au/P78UrAO8YAHyPvHEwGVKOPphl8QVfrC7x/QaFYeXANw6E4HF7ietEp+7ZVQdWOx8c+HvO0Z2PTUPVbX9HAVrg4h9u1RNfhOHk+YysDLsg=
220128-1mx5zsegc4.json,ecc_pubkey,ecc_pubkey.base64,RUNTMzAAAADzIIbbIE3wcze1+xiwwK+Au/P78UrAO8YAHyPvHEwGVKOPphl8QVfrC7x/QaFYeXANw6E4HF7ietEp+7ZVQdWOx8c+HvO0Z2PTUPVbX9HAVrg4h9u1RNfhOHk+YysDLsg=
220128-1pplmaedel.json,req_key,rc4.i32,0xdbe946d2
220128-1pplmaedel.json,http_key,rc4.i32,0xb61de5bb
220128-1q1ehsedhj.json,ecc_pubkey,ecc_pubkey.base64,RUNTMzAAAADzIIbbIE3wcze1+xiwwK+Au/P78UrAO8YAHyPvHEwGVKOPphl8QVfrC7x/QaFYeXANw6E4HF7ietEp+7ZVQdWOx8c+HvO0Z2PTUPVbX9HAVrg4h9u1RNfhOHk+YysDLsg=
220128-1trxjsehf2.json,ecc_pubkey,ecc_pubkey.base64,RUNTMzAAAADzIIbbIE3wcze1+xiwwK+Au/P78UrAO8YAHyPvHEwGVKOPphl8QVfrC7x/QaFYeXANw6E4HF7ietEp+7ZVQdWOx8c+HvO0Z2PTUPVbX9HAVrg4h9u1RNfhOHk+YysDLsg=
220128-1w6tgsefel.json,ecc_pubkey,ecc_pubkey.base64,RUNTMzAAAADzIIbbIE3wcze1+xiwwK+Au/P78UrAO8YAHyPvHEwGVKOPphl8QVfrC7x/QaFYeXANw6E4HF7ietEp+7ZVQdWOx8c+HvO0Z2PTUPVbX9HAVrg4h9u1RNfhOHk+YysDLsg=
220128-1wgjlaefbj.json,ecc_pubkey,ecc_pubkey.base64,RUNTMzAAAADzIIbbIE3wcze1+xiwwK+Au/P78UrAO8YAHyPvHEwGVKOPphl8QVfrC7x/QaFYeXANw6E4HF7ietEp+7ZVQdWOx8c+HvO0Z2PTUPVbX9HAVrg4h9u1RNfhOHk+YysDLsg=
220128-1yrscaegal.json,ecc_pubkey,ecc_pubkey.base64,RUNTMzAAAADzIIbbIE3wcze1+xiwwK+Au/P78UrAO8YAHyPvHEwGVKOPphl8QVfrC7x/QaFYeXANw6E4HF7ietEp+7ZVQdWOx8c+HvO0Z2PTUPVbX9HAVrg4h9u1RNfhOHk+YysDLsg=
220128-2d9m4afef3.json,ecc_pubkey,ecc_pubkey.base64,RUNTMzAAAADzIIbbIE3wcze1+xiwwK+Au/P78UrAO8YAHyPvHEwGVKOPphl8QVfrC7x/QaFYeXANw6E4HF7ietEp+7ZVQdWOx8c+HvO0Z2PTUPVbX9HAVrg4h9u1RNfhOHk+YysDLsg=
220128-v5b3kshfd7.json,ecc_pubkey,ecc_pubkey.base64,RUNTMzAAAADzIIbbIE3wcze1+xiwwK+Au/P78UrAO8YAHyPvHEwGVKOPphl8QVfrC7x/QaFYeXANw6E4HF7ietEp+7ZVQdWOx8c+HvO0Z2PTUPVbX9HAVrg4h9u1RNfhOHk+YysDLsg=
220128-v6dmsshddm.json,ecc_pubkey,ecc_pubkey.base64,RUNTMzAAAADzIIbbIE3wcze1+xiwwK+Au/P78UrAO8YAHyPvHEwGVKOPphl8QVfrC7x/QaFYeXANw6E4HF7ietEp+7ZVQdWOx8c+HvO0Z2PTUPVbX9HAVrg4h9u1RNfhOHk+YysDLsg=
220128-v8s59shdhl.json,ecc_pubkey,ecc_pubkey.base64,RUNTMzAAAADzIIbbIE3wcze1+xiwwK+Au/P78UrAO8YAHyPvHEwGVKOPphl8QVfrC7x/QaFYeXANw6E4HF7ietEp+7ZVQdWOx8c+HvO0Z2PTUPVbX9HAVrg4h9u1RNfhOHk+YysDLsg=
220128-vtnx1ahadq.json,ecc_pubkey,ecc_pubkey.base64,RUNTMzAAAADzIIbbIE3wcze1+xiwwK+Au/P78UrAO8YAHyPvHEwGVKOPphl8QVfrC7x/QaFYeXANw6E4HF7ietEp+7ZVQdWOx8c+HvO0Z2PTUPVbX9HAVrg4h9u1RNfhOHk+YysDLsg=
220128-vtwb3shaem.json,ecc_pubkey,ecc_pubkey.base64,RUNTMzAAAADzIIbbIE3wcze1+xiwwK+Au/P78UrAO8YAHyPvHEwGVKOPphl8QVfrC7x/QaFYeXANw6E4HF7ietEp+7ZVQdWOx8c+HvO0Z2PTUPVbX9HAVrg4h9u1RNfhOHk+YysDLsg=
220128-vvnzdshdd5.json,ecc_pubkey,ecc_pubkey.base64,RUNTMzAAAADzIIbbIE3wcze1+xiwwK+Au/P78UrAO8YAHyPvHEwGVKOPphl8QVfrC7x/QaFYeXANw6E4HF7ietEp+7ZVQdWOx8c+HvO0Z2PTUPVbX9HAVrg4h9u1RNfhOHk+YysDLsg=
220128-vwfpeahdf7.json,ecc_pubkey,ecc_pubkey.base64,RUNTMzAAAADzIIbbIE3wcze1+xiwwK+Au/P78UrAO8YAHyPvHEwGVKOPphl8QVfrC7x/QaFYeXANw6E4HF7ietEp+7ZVQdWOx8c+HvO0Z2PTUPVbX9HAVrg4h9u1RNfhOHk+YysDLsg=
220128-vyyyrshbdr.json,ecc_pubkey,ecc_pubkey.base64,RUNTMzAAAADzIIbbIE3wcze1+xiwwK+Au/P78UrAO8YAHyPvHEwGVKOPphl8QVfrC7x/QaFYeXANw6E4HF7ietEp+7ZVQdWOx8c+HvO0Z2PTUPVbX9HAVrg4h9u1RNfhOHk+YysDLsg=
220128-w2sftsadak.json,ecc_pubkey,ecc_pubkey.base64,RUNTMzAAAADzIIbbIE3wcze1+xiwwK+Au/P78UrAO8YAHyPvHEwGVKOPphl8QVfrC7x/QaFYeXANw6E4HF7ietEp+7ZVQdWOx8c+HvO0Z2PTUPVbX9HAVrg4h9u1RNfhOHk+YysDLsg=
220128-w3pfkaaff6.json,ecc_pubkey,ecc_pubkey.base64,RUNTMzAAAADzIIbbIE3wcze1+xiwwK+Au/P78UrAO8YAHyPvHEwGVKOPphl8QVfrC7x/QaFYeXANw6E4HF7ietEp+7ZVQdWOx8c+HvO0Z2PTUPVbX9HAVrg4h9u1RNfhOHk+YysDLsg=
220128-w3rkxsaff9.json,ecc_pubkey,ecc_pubkey.base64,RUNTMzAAAADzIIbbIE3wcze1+xiwwK+Au/P78UrAO8YAHyPvHEwGVKOPphl8QVfrC7x/QaFYeXANw6E4HF7ietEp+7ZVQdWOx8c+HvO0Z2PTUPVbX9HAVrg4h9u1RNfhOHk+YysDLsg=
220128-w7mgrsagg7.json,ecc_pubkey,ecc_pubkey.base64,RUNTMzAAAADzIIbbIE3wcze1+xiwwK+Au/P78UrAO8YAHyPvHEwGVKOPphl8QVfrC7x/QaFYeXANw6E4HF7ietEp+7ZVQdWOx8c+HvO0Z2PTUPVbX9HAVrg4h9u1RNfhOHk+YysDLsg=
220128-w8437saegj.json,ecc_pubkey,ecc_pubkey.base64,RUNTMzAAAADzIIbbIE3wcze1+xiwwK+Au/P78UrAO8YAHyPvHEwGVKOPphl8QVfrC7x/QaFYeXANw6E4HF7ietEp+7ZVQdWOx8c+HvO0Z2PTUPVbX9HAVrg4h9u1RNfhOHk+YysDLsg=
220128-w9769aahg4.json,ecc_pubkey,ecc_pubkey.base64,RUNTMzAAAADzIIbbIE3wcze1+xiwwK+Au/P78UrAO8YAHyPvHEwGVKOPphl8QVfrC7x/QaFYeXANw6E4HF7ietEp+7ZVQdWOx8c+HvO0Z2PTUPVbX9HAVrg4h9u1RNfhOHk+YysDLsg=
220128-wbl65ahha6.json,ecc_pubkey,ecc_pubkey.base64,RUNTMzAAAADzIIbbIE3wcze1+xiwwK+Au/P78UrAO8YAHyPvHEwGVKOPphl8QVfrC7x/QaFYeXANw6E4HF7ietEp+7ZVQdWOx8c+HvO0Z2PTUPVbX9HAVrg4h9u1RNfhOHk+YysDLsg=
220128-wcnfkshehq.json,ecc_pubkey,ecc_pubkey.base64,RUNTMzAAAADzIIbbIE3wcze1+xiwwK+Au/P78UrAO8YAHyPvHEwGVKOPphl8QVfrC7x/QaFYeXANw6E4HF7ietEp+7ZVQdWOx8c+HvO0Z2PTUPVbX9HAVrg4h9u1RNfhOHk+YysDLsg=
220128-wcqkyahehr.json,ecc_pubkey,ecc_pubkey.base64,RUNTMzAAAADzIIbbIE3wcze1+xiwwK+Au/P78UrAO8YAHyPvHEwGVKOPphl8QVfrC7x/QaFYeXANw6E4HF7ietEp+7ZVQdWOx8c+HvO0Z2PTUPVbX9HAVrg4h9u1RNfhOHk+YysDLsg=
220128-weax9shhf7.json,ecc_pubkey,ecc_pubkey.base64,RUNTMzAAAADzIIbbIE3wcze1+xiwwK+Au/P78UrAO8YAHyPvHEwGVKOPphl8QVfrC7x/QaFYeXANw6E4HF7ietEp+7ZVQdWOx8c+HvO0Z2PTUPVbX9HAVrg4h9u1RNfhOHk+YysDLsg=
220128-wec3mahfep.json,ecc_pubkey,ecc_pubkey.base64,RUNTMzAAAADzIIbbIE3wcze1+xiwwK+Au/P78UrAO8YAHyPvHEwGVKOPphl8QVfrC7x/QaFYeXANw6E4HF7ietEp+7ZVQdWOx8c+HvO0Z2PTUPVbX9HAVrg4h9u1RNfhOHk+YysDLsg=
220128-wevmnshffp.json,ecc_pubkey,ecc_pubkey.base64,RUNTMzAAAADzIIbbIE3wcze1+xiwwK+Au/P78UrAO8YAHyPvHEwGVKOPphl8QVfrC7x/QaFYeXANw6E4HF7ietEp+7ZVQdWOx8c+HvO0Z2PTUPVbX9HAVrg4h9u1RNfhOHk+YysDLsg=
220128-wfk5mahfhn.json,ecc_pubkey,ecc_pubkey.base64,RUNTMzAAAADzIIbbIE3wcze1+xiwwK+Au/P78UrAO8YAHyPvHEwGVKOPphl8QVfrC7x/QaFYeXANw6E4HF7ietEp+7ZVQdWOx8c+HvO0Z2PTUPVbX9HAVrg4h9u1RNfhOHk+YysDLsg=
220128-wfvn3ahgan.json,ecc_pubkey,ecc_pubkey.base64,RUNTMzAAAADzIIbbIE3wcze1+xiwwK+Au/P78UrAO8YAHyPvHEwGVKOPphl8QVfrC7x/QaFYeXANw6E4HF7ietEp+7ZVQdWOx8c+HvO0Z2PTUPVbX9HAVrg4h9u1RNfhOHk+YysDLsg=
220128-wm8jhaaca5.json,ecc_pubkey,ecc_pubkey.base64,RUNTMzAAAADzIIbbIE3wcze1+xiwwK+Au/P78UrAO8YAHyPvHEwGVKOPphl8QVfrC7x/QaFYeXANw6E4HF7ietEp+7ZVQdWOx8c+HvO0Z2PTUPVbX9HAVrg4h9u1RNfhOHk+YysDLsg=
220128-wrp8qaach3.json,ecc_pubkey,ecc_pubkey.base64,RUNTMzAAAADzIIbbIE3wcze1+xiwwK+Au/P78UrAO8YAHyPvHEwGVKOPphl8QVfrC7x/QaFYeXANw6E4HF7ietEp+7ZVQdWOx8c+HvO0Z2PTUPVbX9HAVrg4h9u1RNfhOHk+YysDLsg=
220128-wtak2sadd2.json,ecc_pubkey,ecc_pubkey.base64,RUNTMzAAAADzIIbbIE3wcze1+xiwwK+Au/P78UrAO8YAHyPvHEwGVKOPphl8QVfrC7x/QaFYeXANw6E4HF7ietEp+7ZVQdWOx8c+HvO0Z2PTUPVbX9HAVrg4h9u1RNfhOHk+YysDLsg=
220128-wvqzesadh4.json,ecc_pubkey,ecc_pubkey.base64,RUNTMzAAAADzIIbbIE3wcze1+xiwwK+Au/P78UrAO8YAHyPvHEwGVKOPphl8QVfrC7x/QaFYeXANw6E4HF7ietEp+7ZVQdWOx8c+HvO0Z2PTUPVbX9HAVrg4h9u1RNfhOHk+YysDLsg=
220128-x1drqabdaq.json,ecc_pubkey,ecc_pubkey.base64,RUNTMzAAAADzIIbbIE3wcze1+xiwwK+Au/P78UrAO8YAHyPvHEwGVKOPphl8QVfrC7x/QaFYeXANw6E4HF7ietEp+7ZVQdWOx8c+HvO0Z2PTUPVbX9HAVrg4h9u1RNfhOHk+YysDLsg=
220128-x2a28abdbq.json,req_key,rc4.i32,0xd3d16ec0
220128-x2a28abdbq.json,http_key,rc4.i32,0x3a39d9a0
220128-x7qpvsbehj.json,ecc_pubkey,ecc_pubkey.base64,RUNTMzAAAADzIIbbIE3wcze1+xiwwK+Au/P78UrAO8YAHyPvHEwGVKOPphl8QVfrC7x/QaFYeXANw6E4HF7ietEp+7ZVQdWOx8c+HvO0Z2PTUPVbX9HAVrg4h9u1RNfhOHk+YysDLsg=
220128-xebp8sbah6.json,ecc_pubkey,ecc_pubkey.base64,RUNTMzAAAADzIIbbIE3wcze1+xiwwK+Au/P78UrAO8YAHyPvHEwGVKOPphl8QVfrC7x/QaFYeXANw6E4HF7ietEp+7ZVQdWOx8c+HvO0Z2PTUPVbX9HAVrg4h9u1RNfhOHk+YysDLsg=
220128-xek9nsagaq.json,ecc_pubkey,ecc_pubkey.base64,RUNTMzAAAADzIIbbIE3wcze1+xiwwK+Au/P78UrAO8YAHyPvHEwGVKOPphl8QVfrC7x/QaFYeXANw6E4HF7ietEp+7ZVQdWOx8c+HvO0Z2PTUPVbX9HAVrg4h9u1RNfhOHk+YysDLsg=
220128-xfajkabbb8.json,ecc_pubkey,ecc_pubkey.base64,RUNTMzAAAADzIIbbIE3wcze1+xiwwK+Au/P78UrAO8YAHyPvHEwGVKOPphl8QVfrC7x/QaFYeXANw6E4HF7ietEp+7ZVQdWOx8c+HvO0Z2PTUPVbX9HAVrg4h9u1RNfhOHk+YysDLsg=
220128-xl721sahfq.json,ecc_pubkey,ecc_pubkey.base64,RUNTMzAAAADzIIbbIE3wcze1+xiwwK+Au/P78UrAO8YAHyPvHEwGVKOPphl8QVfrC7x/QaFYeXANw6E4HF7ietEp+7ZVQdWOx8c+HvO0Z2PTUPVbX9HAVrg4h9u1RNfhOHk+YysDLsg=
220128-xmglfsbch3.json,ecc_pubkey,ecc_pubkey.base64,RUNTMzAAAADzIIbbIE3wcze1+xiwwK+Au/P78UrAO8YAHyPvHEwGVKOPphl8QVfrC7x/QaFYeXANw6E4HF7ietEp+7ZVQdWOx8c+HvO0Z2PTUPVbX9HAVrg4h9u1RNfhOHk+YysDLsg=
220128-xmlv6sbch8.json,ecc_pubkey,ecc_pubkey.base64,RUNTMzAAAADzIIbbIE3wcze1+xiwwK+Au/P78UrAO8YAHyPvHEwGVKOPphl8QVfrC7x/QaFYeXANw6E4HF7ietEp+7ZVQdWOx8c+HvO0Z2PTUPVbX9HAVrg4h9u1RNfhOHk+YysDLsg=
220128-xn75ssbde8.json,ecc_pubkey,ecc_pubkey.base64,RUNTMzAAAADzIIbbIE3wcze1+xiwwK+Au/P78UrAO8YAHyPvHEwGVKOPphl8QVfrC7x/QaFYeXANw6E4HF7ietEp+7ZVQdWOx8c+HvO0Z2PTUPVbX9HAVrg4h9u1RNfhOHk+YysDLsg=
220128-xp1r4sbdg4.json,ecc_pubkey,ecc_pubkey.base64,RUNTMzAAAADzIIbbIE3wcze1+xiwwK+Au/P78UrAO8YAHyPvHEwGVKOPphl8QVfrC7x/QaFYeXANw6E4HF7ietEp+7ZVQdWOx8c+HvO0Z2PTUPVbX9HAVrg4h9u1RNfhOHk+YysDLsg=
220128-xvh49abbgl.json,ecc_pubkey,ecc_pubkey.base64,RUNTMzAAAADzIIbbIE3wcze1+xiwwK+Au/P78UrAO8YAHyPvHEwGVKOPphl8QVfrC7x/QaFYeXANw6E4HF7ietEp+7ZVQdWOx8c+HvO0Z2PTUPVbX9HAVrg4h9u1RNfhOHk+YysDLsg=
220128-y1j46scecn.json,ecc_pubkey,ecc_pubkey.base64,RUNTMzAAAADzIIbbIE3wcze1+xiwwK+Au/P78UrAO8YAHyPvHEwGVKOPphl8QVfrC7x/QaFYeXANw6E4HF7ietEp+7ZVQdWOx8c+HvO0Z2PTUPVbX9HAVrg4h9u1RNfhOHk+YysDLsg=
220128-y3b7cacfap.json,ecc_pubkey,ecc_pubkey.base64,RUNTMzAAAADzIIbbIE3wcze1+xiwwK+Au/P78UrAO8YAHyPvHEwGVKOPphl8QVfrC7x/QaFYeXANw6E4HF7ietEp+7ZVQdWOx8c+HvO0Z2PTUPVbX9HAVrg4h9u1RNfhOHk+YysDLsg=
220128-y5bnlacfdm.json,req_key,rc4.i32,0xdbe946d2
220128-y5bnlacfdm.json,http_key,rc4.i32,0xb61de5bb
220128-y8akpscgek.json,ecc_pubkey,ecc_pubkey.base64,RUNTMzAAAADzIIbbIE3wcze1+xiwwK+Au/P78UrAO8YAHyPvHEwGVKOPphl8QVfrC7x/QaFYeXANw6E4HF7ietEp+7ZVQdWOx8c+HvO0Z2PTUPVbX9HAVrg4h9u1RNfhOHk+YysDLsg=
220128-y9g16scgfn.json,ecc_pubkey,ecc_pubkey.base64,RUNTMzAAAADzIIbbIE3wcze1+xiwwK+Au/P78UrAO8YAHyPvHEwGVKOPphl8QVfrC7x/QaFYeXANw6E4HF7ietEp+7ZVQdWOx8c+HvO0Z2PTUPVbX9HAVrg4h9u1RNfhOHk+YysDLsg=
220128-y9qy3scgfr.json,ecc_pubkey,ecc_pubkey.base64,RUNTMzAAAADzIIbbIE3wcze1+xiwwK+Au/P78UrAO8YAHyPvHEwGVKOPphl8QVfrC7x/QaFYeXANw6E4HF7ietEp+7ZVQdWOx8c+HvO0Z2PTUPVbX9HAVrg4h9u1RNfhOHk+YysDLsg=
220128-yajeyscaf8.json,ecc_pubkey,ecc_pubkey.base64,RUNTMzAAAADzIIbbIE3wcze1+xiwwK+Au/P78UrAO8YAHyPvHEwGVKOPphl8QVfrC7x/QaFYeXANw6E4HF7ietEp+7ZVQdWOx8c+HvO0Z2PTUPVbX9HAVrg4h9u1RNfhOHk+YysDLsg=
220128-ybdk4abgar.json,ecc_pubkey,ecc_pubkey.base64,RUNTMzAAAADzIIbbIE3wcze1+xiwwK+Au/P78UrAO8YAHyPvHEwGVKOPphl8QVfrC7x/QaFYeXANw6E4HF7ietEp+7ZVQdWOx8c+HvO0Z2PTUPVbX9HAVrg4h9u1RNfhOHk+YysDLsg=
220128-yczjyscbe7.json,ecc_pubkey,ecc_pubkey.base64,RUNTMzAAAADzIIbbIE3wcze1+xiwwK+Au/P78UrAO8YAHyPvHEwGVKOPphl8QVfrC7x/QaFYeXANw6E4HF7ietEp+7ZVQdWOx8c+HvO0Z2PTUPVbX9HAVrg4h9u1RNfhOHk+YysDLsg=
220128-yf7pqsbhdp.json,ecc_pubkey,ecc_pubkey.base64,RUNTMzAAAADzIIbbIE3wcze1+xiwwK+Au/P78UrAO8YAHyPvHEwGVKOPphl8QVfrC7x/QaFYeXANw6E4HF7ietEp+7ZVQdWOx8c+HvO0Z2PTUPVbX9HAVrg4h9u1RNfhOHk+YysDLsg=
220128-yfm1bsbhcm.json,ecc_pubkey,ecc_pubkey.base64,RUNTMzAAAADzIIbbIE3wcze1+xiwwK+Au/P78UrAO8YAHyPvHEwGVKOPphl8QVfrC7x/QaFYeXANw6E4HF7ietEp+7ZVQdWOx8c+HvO0Z2PTUPVbX9HAVrg4h9u1RNfhOHk+YysDLsg=
220128-yfp5paccd2.json,ecc_pubkey,ecc_pubkey.base64,RUNTMzAAAADzIIbbIE3wcze1+xiwwK+Au/P78UrAO8YAHyPvHEwGVKOPphl8QVfrC7x/QaFYeXANw6E4HF7ietEp+7ZVQdWOx8c+HvO0Z2PTUPVbX9HAVrg4h9u1RNfhOHk+YysDLsg=
220128-yg5a1accf4.json,ecc_pubkey,ecc_pubkey.base64,RUNTMzAAAADzIIbbIE3wcze1+xiwwK+Au/P78UrAO8YAHyPvHEwGVKOPphl8QVfrC7x/QaFYeXANw6E4HF7ietEp+7ZVQdWOx8c+HvO0Z2PTUPVbX9HAVrg4h9u1RNfhOHk+YysDLsg=
220128-yhhtdsccg9.json,ecc_pubkey,ecc_pubkey.base64,RUNTMzAAAADzIIbbIE3wcze1+xiwwK+Au/P78UrAO8YAHyPvHEwGVKOPphl8QVfrC7x/QaFYeXANw6E4HF7ietEp+7ZVQdWOx8c+HvO0Z2PTUPVbX9HAVrg4h9u1RNfhOHk+YysDLsg=
220128-yhpxpscch7.json,ecc_pubkey,ecc_pubkey.base64,RUNTMzAAAADzIIbbIE3wcze1+xiwwK+Au/P78UrAO8YAHyPvHEwGVKOPphl8QVfrC7x/QaFYeXANw6E4HF7ietEp+7ZVQdWOx8c+HvO0Z2PTUPVbX9HAVrg4h9u1RNfhOHk+YysDLsg=
220128-z6rxmsdggr.json,ecc_pubkey,ecc_pubkey.base64,RUNTMzAAAADzIIbbIE3wcze1+xiwwK+Au/P78UrAO8YAHyPvHEwGVKOPphl8QVfrC7x/QaFYeXANw6E4HF7ietEp+7ZVQdWOx8c+HvO0Z2PTUPVbX9HAVrg4h9u1RNfhOHk+YysDLsg=
220128-z7bxtadhbl.json,ecc_pubkey,ecc_pubkey.base64,RUNTMzAAAADzIIbbIE3wcze1+xiwwK+Au/P78UrAO8YAHyPvHEwGVKOPphl8QVfrC7x/QaFYeXANw6E4HF7ietEp+7ZVQdWOx8c+HvO0Z2PTUPVbX9HAVrg4h9u1RNfhOHk+YysDLsg=
220128-z8sa7aeda2.json,ecc_pubkey,ecc_pubkey.base64,RUNTMzAAAADzIIbbIE3wcze1+xiwwK+Au/P78UrAO8YAHyPvHEwGVKOPphl8QVfrC7x/QaFYeXANw6E4HF7ietEp+7ZVQdWOx8c+HvO0Z2PTUPVbX9HAVrg4h9u1RNfhOHk+YysDLsg=
220128-za6e6adca8.json,ecc_pubkey,ecc_pubkey.base64,RUNTMzAAAADzIIbbIE3wcze1+xiwwK+Au/P78UrAO8YAHyPvHEwGVKOPphl8QVfrC7x/QaFYeXANw6E4HF7ietEp+7ZVQdWOx8c+HvO0Z2PTUPVbX9HAVrg4h9u1RNfhOHk+YysDLsg=
220128-zbnxhadcb7.json,ecc_pubkey,ecc_pubkey.base64,RUNTMzAAAADzIIbbIE3wcze1+xiwwK+Au/P78UrAO8YAHyPvHEwGVKOPphl8QVfrC7x/QaFYeXANw6E4HF7ietEp+7ZVQdWOx8c+HvO0Z2PTUPVbX9HAVrg4h9u1RNfhOHk+YysDLsg=
220128-zc1mpachfp.json,ecc_pubkey,ecc_pubkey.base64,RUNTMzAAAADzIIbbIE3wcze1+xiwwK+Au/P78UrAO8YAHyPvHEwGVKOPphl8QVfrC7x/QaFYeXANw6E4HF7ietEp+7ZVQdWOx8c+HvO0Z2PTUPVbX9HAVrg4h9u1RNfhOHk+YysDLsg=
220128-zca22adcf8.json,ecc_pubkey,ecc_pubkey.base64,RUNTMzAAAADzIIbbIE3wcze1+xiwwK+Au/P78UrAO8YAHyPvHEwGVKOPphl8QVfrC7x/QaFYeXANw6E4HF7ietEp+7ZVQdWOx8c+HvO0Z2PTUPVbX9HAVrg4h9u1RNfhOHk+YysDLsg=
220128-zcs8lsdch4.json,ecc_pubkey,ecc_pubkey.base64,RUNTMzAAAADzIIbbIE3wcze1+xiwwK+Au/P78UrAO8YAHyPvHEwGVKOPphl8QVfrC7x/QaFYeXANw6E4HF7ietEp+7ZVQdWOx8c+HvO0Z2PTUPVbX9HAVrg4h9u1RNfhOHk+YysDLsg=
220128-zf2n6adack.json,ecc_pubkey,ecc_pubkey.base64,RUNTMzAAAADzIIbbIE3wcze1+xiwwK+Au/P78UrAO8YAHyPvHEwGVKOPphl8QVfrC7x/QaFYeXANw6E4HF7ietEp+7ZVQdWOx8c+HvO0Z2PTUPVbX9HAVrg4h9u1RNfhOHk+YysDLsg=
220128-zh5tladbbk.json,ecc_pubkey,ecc_pubkey.base64,RUNTMzAAAADzIIbbIE3wcze1+xiwwK+Au/P78UrAO8YAHyPvHEwGVKOPphl8QVfrC7x/QaFYeXANw6E4HF7ietEp+7ZVQdWOx8c+HvO0Z2PTUPVbX9HAVrg4h9u1RNfhOHk+YysDLsg=
220128-zhq1fadeb4.json,ecc_pubkey,ecc_pubkey.base64,RUNTMzAAAADzIIbbIE3wcze1+xiwwK+Au/P78UrAO8YAHyPvHEwGVKOPphl8QVfrC7x/QaFYeXANw6E4HF7ietEp+7ZVQdWOx8c+HvO0Z2PTUPVbX9HAVrg4h9u1RNfhOHk+YysDLsg=
220128-zj9tyaded5.json,ecc_pubkey,ecc_pubkey.base64,RUNTMzAAAADzIIbbIE3wcze1+xiwwK+Au/P78UrAO8YAHyPvHEwGVKOPphl8QVfrC7x/QaFYeXANw6E4HF7ietEp+7ZVQdWOx8c+HvO0Z2PTUPVbX9HAVrg4h9u1RNfhOHk+YysDLsg=
220128-zksl2sdbdl.json,ecc_pubkey,ecc_pubkey.base64,RUNTMzAAAADzIIbbIE3wcze1+xiwwK+Au/P78UrAO8YAHyPvHEwGVKOPphl8QVfrC7x/QaFYeXANw6E4HF7ietEp+7ZVQdWOx8c+HvO0Z2PTUPVbX9HAVrg4h9u1RNfhOHk+YysDLsg=
220128-zmjrxsdcbm.json,ecc_pubkey,ecc_pubkey.base64,RUNTMzAAAADzIIbbIE3wcze1+xiwwK+Au/P78UrAO8YAHyPvHEwGVKOPphl8QVfrC7x/QaFYeXANw6E4HF7ietEp+7ZVQdWOx8c+HvO0Z2PTUPVbX9HAVrg4h9u1RNfhOHk+YysDLsg=
220128-zmn2msdfd2.json,ecc_pubkey,ecc_pubkey.base64,RUNTMzAAAADzIIbbIE3wcze1+xiwwK+Au/P78UrAO8YAHyPvHEwGVKOPphl8QVfrC7x/QaFYeXANw6E4HF7ietEp+7ZVQdWOx8c+HvO0Z2PTUPVbX9HAVrg4h9u1RNfhOHk+YysDLsg=
220128-znaweadccm.json,ecc_pubkey,ecc_pubkey.base64,RUNTMzAAAADzIIbbIE3wcze1+xiwwK+Au/P78UrAO8YAHyPvHEwGVKOPphl8QVfrC7x/QaFYeXANw6E4HF7ietEp+7ZVQdWOx8c+HvO0Z2PTUPVbX9HAVrg4h9u1RNfhOHk+YysDLsg=
220128-zyex4sdehq.json,ecc_pubkey,ecc_pubkey.base64,RUNTMzAAAADzIIbbIE3wcze1+xiwwK+Au/P78UrAO8YAHyPvHEwGVKOPphl8QVfrC7x/QaFYeXANw6E4HF7ietEp+7ZVQdWOx8c+HvO0Z2PTUPVbX9HAVrg4h9u1RNfhOHk+YysDLsg=
220130-sse8csdgf5.json,payload_key,xor.base64,MZvIxPLbg6iCZ6mj/cHC5WyvRTrt7xyd+TtmkNiVXtpKQsazy4OZF5jO4go3qdtMZRZD4SZXFUX24n941nxUgkAqGxsdapb/Lbb48gwQbTS//pRJPD6vLAhKdSdr4OlpWZERvhqOKKYrHQ1ZCrRqX7SlkjBxoqSUATGOj2FP59GTeW5mEHUhDnyBCwFfY2AHsg3rmE8JokMfVYR2fjc4uOggoM2l3XuxemgApFXLte7H9D1HRPH3K1A8nd6wnjZgIoi5taOEcBlz0FoMUrKzVt1cOuueWM2SruTXhYlGD4s7d7ccuGxOwIW/U/vkGog9FgtMUpcABnqnUyxthy1BczGbyMTy24Oogmepo/3BwuVsr0U67e8cnfk7ZpDYlV7aSkLGs8uDmReYzuIKN6nbTGUWQ+EmVxVF9uJ/eNZ8VIJAKhsbHWqW/y22+PIMEG00v/6USTw+rywISnUna+DpaVmREb4ajiimKx0NWQq0al+0pZIwcaKklAExjo9hT+fRk3luZhB1IQ58gQsBX2NgB7IN65hPCaJDH1WEdn43OLjoIKDNpd17sXpoAKRVy7Xux/Q9R0Tx9ytQPJ3esJ42YCKIubWjhHAZc9BaDFKys1bdXDrrnljNkq7k14WJRg+LO3e3HLhsTsCFv1P75BqIPRYLTFKXAAZ6p1MsbYctQXMxm8jE8tuDqIJnqaP9wcLlbK9FOu3vHJ35O2aQ2JVe2kpCxrPLg5kXmM4=
220130-sxlwpsdhd9.json,payload_key,xor.base64,nJ1OLYTNk1RxrTDvcz/bdwp6G6m2qm/Xo4sNaukUt/NEm/ck4Ic7Dt5g2eYk8oxus3DDp1+gEIpUPbVhkhNY6e1OnyOJfuwFhl6B3MzoNCBbK3SeB1u4gPw0Xhs6xQCclURA1TEwlAMvEe6XdefdH8Ah0FCoUWE7pTK6Eqe8qZo+/6zM2i89ttcPlo0dmYUVaBh5T1AEzTFN5WMIT7pRkeb1VcqCJZmseAY/QMaQLsgR0iEBvQJ2KKrjC8PwbfpLj+z9fSvYQqsguOc+bkrWxrnJyvhl+R7iUtq8uZhrokLrpqZ709bqXcm3iDXLQX+9Ysdy9g6zx9n7jGSwQR5L9JydTi2EzZNUca0w73M/23cKehuptqpv16OLDWrpFLfzRJv3JOCHOw7eYNnmJPKMbrNww6dfoBCKVD21YZITWOntTp8jiX7sBYZegdzM6DQgWyt0ngdbuID8NF4bOsUAnJVEQNUxMJQDLxHul3Xn3R/AIdBQqFFhO6UyuhKnvKmaPv+szNovPbbXD5aNHZmFFWgYeU9QBM0xTeVjCE+6UZHm9VXKgiWZrHgGP0DGkC7IEdIhAb0Cdiiq4wvD8G36S4/s/X0r2EKrILjnPm5K1sa5ycr4Zfke4lLavLmYa6JC66ame9PW6l3Jt4g1y0F/vWLHcvYOs8fZ+4xksEEeS/ScnU4thM2TVHGtMO9zP9t3Cnobqbaqb9ejiw1q6RS380Sb9yTghzsO3mDZ5iTyjG6zcMOnX6AQilQ9tWGSE1jp7U6fI4l+
220130-t2d74afbe7.json,payload_key,xor.base64,vc/UeLcuduy1XBwULBpcK/AqifTFCSppD7fxkWI4MKgGBX2NG2Qe5l2SpW70E+UkmCNRCm1e82PXsZnqCk7Zoa4eBYegfaf/6utNo52pjT4hef4DOlibuHzGJiDTR2H3d1TSgEizCzWy5Rq94aIWc8lyhlnCUfyywMDOOXudyvAfrXrWEYzQDls6oraOvL5NlojrUmvnhItp2ZczAJaSyqSm3y+5hnhE4zRLzFbxR4L6gbOsz+AtwTFvP0iokDsfTPxnKUbbAV2ISRPF/8vvnIObWOGU+vXa3mjEQg0lwxkV9gx+7tWpV+xDuN+HxLSVK9Dg+zwPgtRmvmyX1T9orr3P1Hi3LnbstVwcFCwaXCvwKon0xQkqaQ+38ZFiODCoBgV9jRtkHuZdkqVu9BPlJJgjUQptXvNj17GZ6gpO2aGuHgWHoH2n/+rrTaOdqY0+IXn+AzpYm7h8xiYg00dh93dU0oBIsws1suUaveGiFnPJcoZZwlH8ssDAzjl7ncrwH6161hGM0A5bOqK2jry+TZaI61Jr54SLadmXMwCWksqkpt8vuYZ4ROM0S8xW8UeC+oGzrM/gLcExbz9IqJA7H0z8ZylG2wFdiEkTxf/L75yDm1jhlPr12t5oxEINJcMZFfYMfu7VqVfsQ7jfh8S0lSvQ4Ps8D4LUZr5sl9U/aK69z9R4ty527LVcHBQsGlwr8CqJ9MUJKmkPt/GRYjgwqAYFfY0bZB7mXZKlbvQT5SSYI1EKbV7zY9exmeoKTtmhrh4=
220130-ty64psfah8.json,payload_key,xor.base64,Kjm0Q2+UN0ekfEeLzmkkKWVr0tPqAxATI68gYE2kAQXh4o+oaT0O777ZHTyF1vrRfBxohOSr67s6VzsIAEzXrvuKiVBg5cSQuYEU5J9+9Xp2xGMsu1yhbDT48bAa9a5WjjNc+TaO3zhPKqqNlieL5g1tfdW1uLjIy6DIWdGdqLOIn1ahMTaVpUbSpTUsz4KPBxUwfYxhsnHFSZ7Gq0Z/W4NAUUoL32xNQHu/kidwnDfavgomQglJGZi1mW6ionkMWejn8t6HZvYXI3I6IRhT2NRmwc5dskPCkl6TF3hLcLRQkf6b2Ow9nhHUTOP0wS2Ar8Pbd1daWmptBia/c/MGXSo5tENvlDdHpHxHi85pJClla9LT6gMQEyOvIGBNpAEF4eKPqGk9Du++2R08hdb60XwcaITkq+u7Olc7CABM1677iolQYOXEkLmBFOSffvV6dsRjLLtcoWw0+PGwGvWuVo4zXPk2jt84TyqqjZYni+YNbX3Vtbi4yMugyFnRnaiziJ9WoTE2laVG0qU1LM+CjwcVMH2MYbJxxUmexqtGf1uDQFFKC99sTUB7v5IncJw32r4KJkIJSRmYtZluoqJ5DFno5/Leh2b2FyNyOiEYU9jUZsHOXbJDwpJekxd4S3C0UJH+m9jsPZ4R1Ezj9MEtgK/D23dXWlpqbQYmv3PzBl0qObRDb5Q3R6R8R4vOaSQpZWvS0+oDEBMjryBgTaQBBeHij6hpPQ7vvtkdPIXW+tF8HGiE5KvruzpXOwgATNeu+4qJUGDlxJC5gRTkn371enbEYyy7XKFsNPjxsBr1rlaOM1z5No7fOE8qqo2WJw==
220205-a7bvdafgc7.json,rsa_pubkey,rsa_pubkey.plain,MIIBIjANBgkqhkiG9w0BAQEFAAOCAQ8AMIIBCgKCAQEAugqZ4ATE9+9FqununW/DBvGosnUX/bNxQzMYUmE14GJIbNa6vwYSNXOlG09mvdAqZqD3lXihWDjy25+gzqSeS+Fs2qNyTdfGPA8iu2xx5RRUXKLGFThxtIzg3fohAK3+LxJVhxtuITAT38IHacc7dVLHsrddu4UDjiHGFdvXjB55Nwe5cu1BYylHsARMYycBA2FwLP57cKvc2/C3OXBAF6qbsVXBcyFhrKOOYA/+5IjFfEhgHy2FLHRf8lmPQPbSlrM6dk+W4D5KVqOPx/eFp0geUJJlmlre3flI29qWS20bkGqAEz9j07y69HGYN9Nt7+DRgBwrpNo/EkZkuaSTtQIDAQAB
220205-a82gesgadm.json,rsa_pubkey,rsa_pubkey.plain,MIIBIjANBgkqhkiG9w0BAQEFAAOCAQ8AMIIBCgKCAQEA2Y5xbSy65VPaf735j07WJC6exkg/L6w10CySbL3oh1k7OMwb8k7s6Cxkj2JpGiFVNoIJFKTZFpJU08JwACNXCZNuBTIoYq+jpfi79S0LKp6QGExKtdQeKtac0o2kyMHt2FXCBrqLy1+7xB1HNXCHqNum1Ty1F0Ci3wZXMUAGkzUPVpC3MLfCsJoVKimJIiWeLnZaMEmCoXXycqFVxF9/mqwzNqorMhQc+mWVmRU75K6s9FiOfnLIdsEHpV+3jVg/gKzBo9bnTOyAT2jx3xm0B5+wmFAwzfLQP42bneZ/ppx/nkCa5LUc8v3yh7gL3lH/wcd8rWIY/02AbDT7Ut83rQIDAQAB
220205-a87nfagadp.json,rsa_pubkey,rsa_pubkey.plain,MIIBIjANBgkqhkiG9w0BAQEFAAOCAQ8AMIIBCgKCAQEAoNu2owOqCC8WlD6GQs2/fZuHpfzse4bJ3n3HUJC1dIMOZpWUJ8zCtrkckqLdZPfla+JmMRKkbPrkfxUGtJMX5CGBFNTmn0jcR4tGeQh90fxc4giexe5db8CCWAWGpqDIgKFZHKTI1k+uCLq/jaraVJNhzp5pvd48qstxwf3j75Mi5Rb2o08d7x65Es4wQOAMlrzrlCAn5Lc9JgzDCaMscl8xVlwH2+yByUEN8lqdEH7gICSCSHgJyNcuYvSYeeFBzlsl01/pqq4n2DyJoCcFG1Tqdpqo3EVy0lQTPNlegqK6o8pr0IgTMY4wQSlozjA3nQCLEVD4C9nUaVDGiMezDQIDAQAB
220205-a9yrxsfgc9.json,rsa_pubkey,rsa_pubkey.plain,MIIBIjANBgkqhkiG9w0BAQEFAAOCAQ8AMIIBCgKCAQEA4Ph9R2EFUk5xhCll16xZnQgzFEG/eC2ekK1/9debTZy+pvvA1Ubz0XklhRVudITN7Z0lWpV1RcQDS8vbDKIcUnAhfXxVMcGcpS1vdYN0glq5l4byaFdpkiulxqM5sJu+XwiXjE1QAdWwLfLwTQFDwmT86u/kYsLGw8mMTPq0D9IxwhcuN/bRm1PwsdLw4+4SqaX2OrZXsARymsH7EfUII1ySnpp7W8jp0FXP7tOkDhqZYSuLAhNMe+WpI8QMhbZTsW2+cF38wpgtDojTADcYaxRYCpVtrAzFoLuJOBeiY/h9vCjhvMTDafy3oV8Kqzt/gkyvienijskMAS/Bqq9WLQIDAQAB
220208-at5wasbbh9.json,aes_key,aes.plain,LdZBj5XnuNzNSpW8GJdXJ3s2e7hQu6sx
220215-ykppqaagcm.json,aes_key,aes.plain,JEAPbIDB9VgTYUMuHqkFDZNx9RikjyzS
220219-k11j9sabe9.json,aes_key,aes.plain,mkPIqTU2UZtcSdKCcKEq6thtuJxZzGnU
220219-k17nksbbfq.json,aes_key,aes.plain,mkPIqTU2UZtcSdKCcKEq6thtuJxZzGnU
220219-k19g6sbbfr.json,aes_key,aes.plain,re1wVJgEKhdUWlpgqRx0dTbzivabKZGG
220219-k1hdpaabe2.json,aes_key,aes.plain,wVHJriMhTzAAGgTLo2tsMfZpXHAA6glS
220219-k1kh2sabe3.json,aes_key,aes.plain,5ShI6hFkV67nFfvd1K30ZSFWr1yqEAvs
220219-k1tfysbbfk.json,aes_key,aes.plain,re1wVJgEKhdUWlpgqRx0dTbzivabKZGG
220219-k1yexabbfl.json,aes_key,aes.plain,LdZBj5XnuNzNSpW8GJdXJ3s2e7hQu6sx
220219-k2177abbhl.json,aes_key,aes.plain,FyJEyzG6TXoLRSRyusLEQv327MJSZ0dU
220219-k2565sbbhn.json,aes_key,aes.plain,quprTgRSwI48X3UXMjhm603nhFbUQ9i7
220219-k28bhabbhp.json,aes_key,aes.plain,FyJEyzG6TXoLRSRyusLEQv327MJSZ0dU
220219-k2fw9abbgm.json,aes_key,aes.plain,re1wVJgEKhdUWlpgqRx0dTbzivabKZGG
220219-k2h2lsabf3.json,aes_key,aes.plain,re1wVJgEKhdUWlpgqRx0dTbzivabKZGG
220219-k2nbbsbbgp.json,aes_key,aes.plain,F1MDK9wLsgDu3mlK9ILEOcRJd0pEZXgT
220219-k2w88sabf4.json,aes_key,aes.plain,re1wVJgEKhdUWlpgqRx0dTbzivabKZGG
220219-k3336sbcar.json,aes_key,aes.plain,re1wVJgEKhdUWlpgqRx0dTbzivabKZGG
220219-k39wqaabg3.json,aes_key,aes.plain,re1wVJgEKhdUWlpgqRx0dTbzivabKZGG
220219-k3cafsbbhq.json,aes_key,aes.plain,re1wVJgEKhdUWlpgqRx0dTbzivabKZGG
220219-k3eetaabf7.json,aes_key,aes.plain,FyJEyzG6TXoLRSRyusLEQv327MJSZ0dU
220219-k3gj6sbcaj.json,aes_key,aes.plain,mkPIqTU2UZtcSdKCcKEq6thtuJxZzGnU
220219-k3jdrsabf8.json,aes_key,aes.plain,wVHJriMhTzAAGgTLo2tsMfZpXHAA6glS
220219-k47sraabh4.json,aes_key,aes.plain,jbg9dRIOq1AGzwl8xmtPqGvO9dgNJ3ut
220219-k4b13sbcbk.json,aes_key,aes.plain,wVHJriMhTzAAGgTLo2tsMfZpXHAA6glS
220219-k4d6faabg4.json,aes_key,aes.plain,re1wVJgEKhdUWlpgqRx0dTbzivabKZGG
220219-k4lkhsbcbn.json,aes_key,aes.plain,jbg9dRIOq1AGzwl8xmtPqGvO9dgNJ3ut
220219-k6xqkabcdn.json,aes_key,aes.plain,Vw2P9r7kerpYfmyOmUdM8Gg4HhPnBkCS
220219-k848esacd6.json,aes_key,aes.plain,jbg9dRIOq1AGzwl8xmtPqGvO9dgNJ3ut
220219-k9drvsacd9.json,aes_key,aes.plain,jbg9dRIOq1AGzwl8xmtPqGvO9dgNJ3ut
220219-k9qfnabcgl.json,aes_key,aes.plain,jbg9dRIOq1AGzwl8xmtPqGvO9dgNJ3ut
220219-kx1e4abbcm.json,aes_key,aes.plain,mTo6k2HFbwkEky1jZAhGsmddHWMMlgEk
220219-kx3v8aabb7.json,aes_key,aes.plain,mTo6k2HFbwkEky1jZAhGsmddHWMMlgEk
220219-kx6bcabbcn.json,aes_key,aes.plain,mTo6k2HFbwkEky1jZAhGsmddHWMMlgEk
220219-kx8rgaabb8.json,aes_key,aes.plain,mTo6k2HFbwkEky1jZAhGsmddHWMMlgEk
220219-kxla6sbbcj.json,aes_key,aes.plain,mTo6k2HFbwkEky1jZAhGsmddHWMMlgEk
220219-kxnfjabbck.json,aes_key,aes.plain,mTo6k2HFbwkEky1jZAhGsmddHWMMlgEk
220219-kxqkwsabb4.json,aes_key,aes.plain,mTo6k2HFbwkEky1jZAhGsmddHWMMlgEk
220219-kxsp9abbcl.json,aes_key,aes.plain,mTo6k2HFbwkEky1jZAhGsmddHWMMlgEk
220219-kxvvlsabb5.json,aes_key,aes.plain,2NlWfQOxADWC6jMswHV8DjA8HGlsUxOS
220219-kxyaqsabb6.json,aes_key,aes.plain,mTo6k2HFbwkEky1jZAhGsmddHWMMlgEk
220219-ky6cqsbbek.json,aes_key,aes.plain,re1wVJgEKhdUWlpgqRx0dTbzivabKZGG
220219-kyak3abbcp.json,aes_key,aes.plain,mTo6k2HFbwkEky1jZAhGsmddHWMMlgEk
220219-kyc17aabb9.json,aes_key,aes.plain,mTo6k2HFbwkEky1jZAhGsmddHWMMlgEk
220219-kyfgbabbcr.json,aes_key,aes.plain,mTo6k2HFbwkEky1jZAhGsmddHWMMlgEk
220219-kyhlnsabc2.json,aes_key,aes.plain,mTo6k2HFbwkEky1jZAhGsmddHWMMlgEk
220219-kyppzsbbdl.json,aes_key,aes.plain,hknRKuBGFjkB6sZnbdg2jvsqElNu5O7p
220219-kyrvcabbdm.json,aes_key,aes.plain,5ShI6hFkV67nFfvd1K30ZSFWr1yqEAvs
220219-kyxetsbbdp.json,aes_key,aes.plain,Mwu48OPEYRlAGcFowmlwQfJStAb720QH
220219-kyy9esbbdq.json,aes_key,aes.plain,hknRKuBGFjkB6sZnbdg2jvsqElNu5O7p
220219-kz61naabd7.json,aes_key,aes.plain,re1wVJgEKhdUWlpgqRx0dTbzivabKZGG
220219-kzjv5abbep.json,aes_key,aes.plain,mkPIqTU2UZtcSdKCcKEq6thtuJxZzGnU
220219-kzlpqaabc7.json,aes_key,aes.plain,re1wVJgEKhdUWlpgqRx0dTbzivabKZGG
220219-kzqnnsabc9.json,aes_key,aes.plain,re1wVJgEKhdUWlpgqRx0dTbzivabKZGG
220219-lac7qabchj.json,aes_key,aes.plain,jbg9dRIOq1AGzwl8xmtPqGvO9dgNJ3ut
220219-lak8bsacf2.json,aes_key,aes.plain,jbg9dRIOq1AGzwl8xmtPqGvO9dgNJ3ut
220221-1vn72sbaa2.json,rsa_pubkey,rsa_pubkey.plain,MIIBIjANBgkqhkiG9w0BAQEFAAOCAQ8AMIIBCgKCAQEAu9/Fs+MxXKzy3J5671KV9Q3nd4bsO6GQ2offmdk6XIPZCf7pV/VNGanGHYE6tSXFxn97X8SR+uUeb2r9m/3RmTVg4BLNkdOaB5T9fmHJTorZz7y2sBlpBKVfmxEoJDvhL6z+mzAIkYQxUg6LHu3uJmi2GBNblpW7jsckDX9oLWmf9vwbqKDcXh5+QIHB8bPSykZheOOfYXA9F/NCnhjicQ3hMwqGzNBxWoixOrM24yacFwiA5YXFLoaunSN05BVu22KsjIo8g86lQ/oPpzXUn+JqvcQnP8fC6ytP5EyTq/uiJd+8VlwzPqiUnKmrg3CgQpZXs1tfStOOWNHjU3ROnQIDAQAB
220221-c4s1ladba6.json,rsa_pubkey,rsa_pubkey.plain,MIIBIjANBgkqhkiG9w0BAQEFAAOCAQ8AMIIBCgKCAQEAt9uYkHzaizNXg/S11ncTTLybkMtqrKW8gg6TyzbGWnRNROl9O+l1VZBLG0xiMt1mZbuStl8Lt3l1vlkMa92kgLjN+UfKmq3KhBEheN2uMmR0WpwV83kceVRmzr5lug4RyQ/xA6/OXK4NptDIT4L6CUTBWMyk2mmY0Cq9HyyrjdnHeAXWAcQGFEac7W4jTjONZqI+lgScPewS+cPFnz1hAD0IAqzj5X2mZVSfFGR3tDoIe42jw5wb6W2yi8zb3mgKrGtTBbw0Ppj0UgKrmdN5iFmfUQHLEzKAakDggLcBtrW1o5+4WMaZOLw8maU5byvjXu3F3i3GdQe8SKTYcVK5OQIDAQAB
220222-cray9adaem.json,rsa_pubkey,rsa_pubkey.plain,MIIBIjANBgkqhkiG9w0BAQEFAAOCAQ8AMIIBCgKCAQEAxLS4TQhCmkASsjbi9/LURMOqIfixx9/RC6RCCHT/DvbIGtxlyfNQHpSZ/VMnW9vx/ghfDNBxkhivm1N6DwVCzw3LMlGLQJ/2GNeB2XIxT9eTGNzerg5+t1mbbnGaGCEARIsqlrsVObcivWW4u+4s6FD8s+3lmlkLeLKjsxkSMvm6db1yh8UlM4nOzyHfsQeNmEh8qFHXfc+105ukXioW+TFmXCNdcxBmVYq7dHTmd0S7x7luVJ8r4HNNBWQixMr2NYA9q8h2R2nnvlXK6tQWBQCYz23sgndXhDv6tqZ/qqq1lVbDDfUg5R28KvwjMonVusZa6IQCihv805ZD8aMZlwIDAQAB
220222-g6sj3aefan.json,rsa_pubkey,rsa_pubkey.plain,MIIBIjANBgkqhkiG9w0BAQEFAAOCAQ8AMIIBCgKCAQEAwMQXFMtYf60KrbUVwNVoPhhrCTNMY3Zv+/WULZRZfJ4dMhYozDxtRVdtBDKtuYuHCGLu/Ymf9wKFFXgVH3En7qI1sU2UdjNR4086X8oSTMUn/GwEAEIZAHtSFuk6AXcXW+eO0yxPF+lt5AZcNnJocWBVZ8RWGvsQdtGgtZalttAynROC4RUGkvD1h1ssMteHWneFLpfzSPGlbu0s0cemsrTPmhexGIenup/YjNdmhbfvvYE9kZfPebGtZHw6oQXWcG7sAlvkGciJl3Eo9FznNj0K+v8WQW5L/UbosZaYVJbxlbtySvqUqZbkLKsmp91tr9bvTiDMZuXZS7iHVqchUQIDAQAB
220223-w5rnpsbad7.json,rsa_pubkey,rsa_pubkey.plain,MIIBIjANBgkqhkiG9w0BAQEFAAOCAQ8AMIIBCgKCAQEA49gzJwP9UwEuYQZT1cdgSpxG6z8TVNLPfS4Qwd3vpWHEOAuvi8JGVEpHPGZnrD1QFoDLSTva3PZ4mqtIVO79GOYb5uQkP7LdJGWbLAjUGptVGmB67jKOOLLrjmuBDHpJXSOGG/vw5vajr4MhNnsvoBLPOC0AOzPM6GBDgKdC9zdUGNEreAjOR4neqwZ2jfYl5k5e3eRF86hmWhGXJQaU1uTmDJwgQIzmUZKo+YCfAHbEbSA4HhsumJfw0MJN7RfKPEQkEVvRIBibHnJuIp1bxk3IGPzTCbyQLHMVLz8wgElEexu8/aO3FT6w4uPY3qD+r2W+ri7xIdEN/pTz6TBKvwIDAQAB
220223-w5w87abad8.json,rsa_pubkey,rsa_pubkey.plain,MIIBIjANBgkqhkiG9w0BAQEFAAOCAQ8AMIIBCgKCAQEApw3tWdMaWJvNf2Mejy5H0Y6kuj+lstNpwFyismGDEYhWKPps9c68xl+84o6uLKfqPzNvLnSxlVa6DitcJGeKJEQkzN+C1e1KsfzM63jHybREB2hs+dHbqBq4dbamIQcTrrr4mKzuHJ7aok4mlpRx2Un1XOJaodoV7xOHO7ui5v6uK39MJ3rvitSEBvv5oI0WDlp3IFmtd6UM6r2nygY1ncAUuasalZgF1Vaz7VXOWyX2ReQHbYWWRCR1qyKMQcBtjT5POXx9B8ek1pnU4p65kGe9M794Bhhh20GN24gY5a+zwXwstaNTO9luwd4xjjRQAVsDgjrjkzti27G11ICn6wIDAQAB
220224-vyz6tsddd7.json,rsa_pubkey,rsa_pubkey.plain,MIIBIjANBgkqhkiG9w0BAQEFAAOCAQ8AMIIBCgKCAQEAt9uYkHzaizNXg/S11ncTTLybkMtqrKW8gg6TyzbGWnRNROl9O+l1VZBLG0xiMt1mZbuStl8Lt3l1vlkMa92kgLjN+UfKmq3KhBEheN2uMmR0WpwV83kceVRmzr5lug4RyQ/xA6/OXK4NptDIT4L6CUTBWMyk2mmY0Cq9HyyrjdnHeAXWAcQGFEac7W4jTjONZqI+lgScPewS+cPFnz1hAD0IAqzj5X2mZVSfFGR3tDoIe42jw5wb6W2yi8zb3mgKrGtTBbw0Ppj0UgKrmdN5iFmfUQHLEzKAakDggLcBtrW1o5+4WMaZOLw8maU5byvjXu3F3i3GdQe8SKTYcVK5OQIDAQAB
220224-vyz6tsddd7.json,rsa_pubkey,rsa_pubkey.plain,MIIBIjANBgkqhkiG9w0BAQEFAAOCAQ8AMIIBCgKCAQEAwMQXFMtYf60KrbUVwNVoPhhrCTNMY3Zv+/WULZRZfJ4dMhYozDxtRVdtBDKtuYuHCGLu/Ymf9wKFFXgVH3En7qI1sU2UdjNR4086X8oSTMUn/GwEAEIZAHtSFuk6AXcXW+eO0yxPF+lt5AZcNnJocWBVZ8RWGvsQdtGgtZalttAynROC4RUGkvD1h1ssMteHWneFLpfzSPGlbu0s0cemsrTPmhexGIenup/YjNdmhbfvvYE9kZfPebGtZHw6oQXWcG7sAlvkGciJl3Eo9FznNj0K+v8WQW5L/UbosZaYVJbxlbtySvqUqZbkLKsmp91tr9bvTiDMZuXZS7iHVqchUQIDAQAB
220224-vyz6tsddd7.json,rsa_pubkey,rsa_pubkey.plain,MIIBIjANBgkqhkiG9w0BAQEFAAOCAQ8AMIIBCgKCAQEAwcPjnPl8bI1A0iudX70FKkTjnLjHyetHN2kAIcyOG10K8vm67n/Ma9mAnoDggD3D6UtAbwjvHwPW1m9WF+MrnBXmBizE0JpwOLtVFcHeVLJXlYn/C5RNZziTCwjauH6TlT7Mo/oHfg7nX4IXEuaeAZz8g9ioeJ1Lydi9ZZM1gmdNk8KuKR0zrrJ6MMAGrhMtblLFVwtMn7IlNjT/BgSL4pDyNa++wI5P4R2rMykJwGu/7o2kKE2IFimtFDyZ5a+CX46cdKt7uo5eKFiqf/jTes9/y5AgoS69mt4fRvWFhP7qHXRO2gG8XAc+9suhiuVUWZTAu3xXz5VsmBtk8pzcpwIDAQAB
220224-vyz6tsddd7.json,rsa_pubkey,rsa_pubkey.plain,MIIBIjANBgkqhkiG9w0BAQEFAAOCAQ8AMIIBCgKCAQEAq8kj5LQJngPsY7AhTaJsUXc5FrSGeKS5gw5PIqk2QPM9TY6+us8TRRzWZ7rGk1zns2klpzpRMUzLIqB8lpCkJjqkOUGfgqs+HN4VIOpoJgFY897xstJCxTc+8pYQEsSqClxJllscU0okkLSQqndIR2Gznlg3qfcwyncJAFBInyqM+L4kbwCQZ6x5HNiLe2lJn8RP2aDiMI+RS1uLYron2G7rxDTUQnxThMtgLAeko8ulaB3TpB0g4lmHCenkEZeBNs81986+MjHnv7KkiscZ7ZrezKjNaIxRs8BAcD9y+Q9QQxCvZMS01ITNXcgiItbA4dsGq1fPJ42yBkkiIodsEQIDAQAB
220224-vyz6tsddd7.json,rsa_pubkey,rsa_pubkey.plain,MIIBIjANBgkqhkiG9w0BAQEFAAOCAQ8AMIIBCgKCAQEA8tKPNFCbU5Unr9jxlTk4RmUdVhcRydJFts6hMpLzcAXIR2yxiNC0QiF4UovAIpGwX6kxOW7kOaOvABJQP6QENMNSg030VlLoTP+ndfFwIt+X+RUflG4UWPE8yu+kzGpCwp7UjX+hD/SpFbSFRRh3BvL3vEq04DzE0AzifEBE4yxKpLsrMsXyZzWy9Nza8NTO2jrBxoEVM2xCLkULp0wZEPDwgeKGkoxMzqavVWBC+Vxi0atKstbo7/TloNenPagl/eUErk9C8tT67zKgbEh3TFtREgaxa/yrjBvN48BU8JGGxLxy4AeGF0vOUdD0WkJsWYzLVg21ApgJaCDr5zDPuQIDAQAB
220224-vyz6tsddd7.json,rsa_pubkey,rsa_pubkey.plain,MIIBIjANBgkqhkiG9w0BAQEFAAOCAQ8AMIIBCgKCAQEAxbKVxwYe4PpnPm0XtuqShDqFWCFRBw0tYo2vmLwVPlwa+0+ox8+nF0mzWC3ZZT2XkGSodszosOoocfKAwOjQnA+4/Hokl4hgG6K8O7wWuWlvgo4fkcZShy2cMY9FaC6e4bMfurlDFt7OVrKKWAyEGv49Etq6LNoyl5ddM/XmspG52gscRoIcOTwBL4bD8nVcamZXqE4j2mS62HicQ6q9YgRVs1PLbgVPbg8c2rFzpN1e8wZdPtvyGON0m3CmxsYa63yianbnBAS4WnxEnoI7eCZZNkblr+kZB4J9War5VYHu9lFw4XWeuHget/Rn8oGCJOMHkZMz23NpUVaX9htQAwIDAQAB
220224-vyz6tsddd7.json,rsa_pubkey,rsa_pubkey.plain,MIIBIjANBgkqhkiG9w0BAQEFAAOCAQ8AMIIBCgKCAQEA49gzJwP9UwEuYQZT1cdgSpxG6z8TVNLPfS4Qwd3vpWHEOAuvi8JGVEpHPGZnrD1QFoDLSTva3PZ4mqtIVO79GOYb5uQkP7LdJGWbLAjUGptVGmB67jKOOLLrjmuBDHpJXSOGG/vw5vajr4MhNnsvoBLPOC0AOzPM6GBDgKdC9zdUGNEreAjOR4neqwZ2jfYl5k5e3eRF86hmWhGXJQaU1uTmDJwgQIzmUZKo+YCfAHbEbSA4HhsumJfw0MJN7RfKPEQkEVvRIBibHnJuIp1bxk3IGPzTCbyQLHMVLz8wgElEexu8/aO3FT6w4uPY3qD+r2W+ri7xIdEN/pTz6TBKvwIDAQAB
220224-vyz6tsddd7.json,rsa_pubkey,rsa_pubkey.plain,MIIBIjANBgkqhkiG9w0BAQEFAAOCAQ8AMIIBCgKCAQEApw3tWdMaWJvNf2Mejy5H0Y6kuj+lstNpwFyismGDEYhWKPps9c68xl+84o6uLKfqPzNvLnSxlVa6DitcJGeKJEQkzN+C1e1KsfzM63jHybREB2hs+dHbqBq4dbamIQcTrrr4mKzuHJ7aok4mlpRx2Un1XOJaodoV7xOHO7ui5v6uK39MJ3rvitSEBvv5oI0WDlp3IFmtd6UM6r2nygY1ncAUuasalZgF1Vaz7VXOWyX2ReQHbYWWRCR1qyKMQcBtjT5POXx9B8ek1pnU4p65kGe9M794Bhhh20GN24gY5a+zwXwstaNTO9luwd4xjjRQAVsDgjrjkzti27G11ICn6wIDAQAB
220224-vyz6tsddd7.json,rsa_pubkey,rsa_pubkey.plain,MIIBIjANBgkqhkiG9w0BAQEFAAOCAQ8AMIIBCgKCAQEAugqZ4ATE9+9FqununW/DBvGosnUX/bNxQzMYUmE14GJIbNa6vwYSNXOlG09mvdAqZqD3lXihWDjy25+gzqSeS+Fs2qNyTdfGPA8iu2xx5RRUXKLGFThxtIzg3fohAK3+LxJVhxtuITAT38IHacc7dVLHsrddu4UDjiHGFdvXjB55Nwe5cu1BYylHsARMYycBA2FwLP57cKvc2/C3OXBAF6qbsVXBcyFhrKOOYA/+5IjFfEhgHy2FLHRf8lmPQPbSlrM6dk+W4D5KVqOPx/eFp0geUJJlmlre3flI29qWS20bkGqAEz9j07y69HGYN9Nt7+DRgBwrpNo/EkZkuaSTtQIDAQAB
220224-vyz6tsddd7.json,rsa_pubkey,rsa_pubkey.plain,MIIBIjANBgkqhkiG9w0BAQEFAAOCAQ8AMIIBCgKCAQEAuuAQlnowSGaSi2XgnwaHQAFZ6e7C0SwpAyyLTncJ4l5cwFbM+mwnV+iV3a+ert8WqOmW1aKOCjTPXrXNoirQgboVpLfhIIT1uOOss4O8lodRxgB6QrLCI7PYMZ+8VgIdEPPzsjmTFLxFc7DERxnSjhGdRQIjZNjm7bGScJD0MayDL9KTkVdJtC+C9n5dwEwg6XtQbwLDeaGZaByOgB/zR6tlcPQCNU9rj1qfcVrI/dFW4br/NnJbqrH714z+dvCa18IJTcu3kW74CAilvHrl5qFDd8CCQhjLrjQDPxAoCba9aXKr6dwt34/MU0tVRTYjzMAxR4yTh3oEjVT+HifvVwIDAQAB
220224-vyz6tsddd7.json,rsa_pubkey,rsa_pubkey.plain,MIIBIjANBgkqhkiG9w0BAQEFAAOCAQ8AMIIBCgKCAQEA0B0ni9tyKHSJmU6gc1iRwNTklYocRKmLPUyOthUIHnZHwL1M2pKlMBwXx81bboVS6Cf8YaCoWW1bCmLwPX421sG22xkmtMy/SfiG8jaYtYiA7r7hOdIUnJgRo6vDvNafZlSD32tFVVjuX8Ec79qj2FM7/MmNcseUgpIQaEACuZcSzMK+jZA4BLT9b5Akkec2hPOXGTPmgaXjL9EJE+0rhNZcm/m6xe4/S5eL2kSCVsNUeG8xWuSO2kDRS8xY3rtJOCNEdqZp1rxzTkhgj3hHqr7AoFAkxNblQ538JcdF5+CGINxckA/ldmP7wQd92tmFk2vcl2WeQykFwMM6L6MsQwIDAQAB
220224-vyz6tsddd7.json,rsa_pubkey,rsa_pubkey.plain,MIIBIjANBgkqhkiG9w0BAQEFAAOCAQ8AMIIBCgKCAQEAqEoytNrMZRoqyIsFpcjiqVWpuV+cC9jS1umXNg/AnJF/xE7LONAmb1p8Dsx1igIUd65IXfFUxmJjFO5hf8LIBzvjUbBll4lbSgGTAUHa3Jbmr/imle6QftmY32J7dDb4WuJUOx+vLNT0I72CESiyotSzwgvLwjyubTmzTJMkqviYOcgDj45NVOx669cG6FWEaJo3PUZzRx9LS6pkOn8tW+W4NzmHMcrma+LOakan7NU6Khv5Hf5ARNsAA+KvDfP1WXJ/VsLXj6x8SdX0v2iS+y58ehUUmlxc8HNsYdOGFwrwYX9zLyJDedsbPg02c4AE4KXt8vH4+j4lVFtruSy4vwIDAQAB
220226-njvt8sbhdq.json,rsa_pubkey,rsa_pubkey.plain,MIIBIjANBgkqhkiG9w0BAQEFAAOCAQ8AMIIBCgKCAQEApw3tWdMaWJvNf2Mejy5H0Y6kuj+lstNpwFyismGDEYhWKPps9c68xl+84o6uLKfqPzNvLnSxlVa6DitcJGeKJEQkzN+C1e1KsfzM63jHybREB2hs+dHbqBq4dbamIQcTrrr4mKzuHJ7aok4mlpRx2Un1XOJaodoV7xOHO7ui5v6uK39MJ3rvitSEBvv5oI0WDlp3IFmtd6UM6r2nygY1ncAUuasalZgF1Vaz7VXOWyX2ReQHbYWWRCR1qyKMQcBtjT5POXx9B8ek1pnU4p65kGe9M794Bhhh20GN24gY5a+zwXwstaNTO9luwd4xjjRQAVsDgjrjkzti27G11ICn6wIDAQAB
220304-q3485agdeq.json,rsa_pubkey,rsa_pubkey.plain,MIIBIjANBgkqhkiG9w0BAQEFAAOCAQ8AMIIBCgKCAQEAq2FPkNELDe8XBRnb9rMCXoZnkoyewf6HlCUuHbWdXmIfKm0RH0UEY9O0mk2ws6EZqeXUIdAgskh2gS7pqpr1BOfAt8BygeKfB/2Arkh1eCfTSIovpZvrAkQY+vWN5qfv9D7jYuvqLC1yl8p7Z3xTl8sv6soN7m6lec4j4Z9C8LmGzl1mxr8JV3qKysv96hLo3kpQ4hLaK7iZ4ILCiGFZpXbxI1lGWI7Ec8ayNG0sJZrtxj4vvVcPkwAS/aEKhBrsS/YYoee4NZxkraGVvQq2iLmfnoL3vNmAJmYMsV1oQw9YejbTACWGOZEXTwHgDSKPgYarGESrjNyu7Ch6ExANuwIDAQAB
220311-143rssbgh4.json,rsa_pubkey,rsa_pubkey.plain,MIIBIjANBgkqhkiG9w0BAQEFAAOCAQ8AMIIBCgKCAQEA7ir/VQ7HuPvbNELZHZlwUlS6iS4IBQDqbdhqPRRojip4RXwT1NXVbm1s1/UjdPso+204TVCKMutjAmV1ti/fAE/3gzp+s0uR8+Gjs2ZcKcenRkh7Bvc2n3qnkTd5ct0Xq0MV5RK1UFmOGbKrMKc8OhQ+9kHFtiTL1qf/5QyXunqc8ByohKAqKKvvPyDriq4/VkUE/IV7a1qO9zmDz9XQctkqGzxKYrETIOP/gWAsHQ6yBrZ7tQStA0HF8xQYd2NXHJ16eZ3z8uqYfa1T0Vys2ZcxyU3Eh3Kok2A5DPF3MUaqX0x6GxfOosW5ZBSGUGdmUZg6MS76xJAMCO8CxZM+aQIDAQAB
220311-14gvbsehaq.json,rsa_pubkey,rsa_pubkey.plain,MIIBIjANBgkqhkiG9w0BAQEFAAOCAQ8AMIIBCgKCAQEA2gFpTZDIA6nyXpqvc6njMWgL4EJB+yph+nIkPqKI68uzWrDiCB7lpR3scqeKnvWGCnqSaQlxXn0ShL5aPmzSf9oaAehApagmCUK3HOt/m8XvVtTbpoUrAqLfKze02XqOCeLKG+xlqc+PVqYefRAiRLE+rHslUAu83wRh1ZbnED5GsRgi/UW/IOkyDdV11cUF/i+P9PVdoDoCCJLJvFPAUUQcs3JpJsmtsSmKdmVJZX/NdUE11Y7BZX8ZNjlE5AZUcJuCgOb0Fd5pNOXa9nfT616eplM9QhVormLPiQ8l/rzb3uC+29ieaBEgQshKd37M1Qi6xYcsywx9n3Vy2WvAAQIDAQAB
220311-14rdrsbgg7.json,rsa_pubkey,rsa_pubkey.plain,MIIBIjANBgkqhkiG9w0BAQEFAAOCAQ8AMIIBCgKCAQEAvcNJz4PSogSJ3Df7ho/Fdl3RTZYU1zY2sY6lojUACXaPYhaKpjJ/My5VZHotI7xo2Qml8OdWgB1pYABHYVgB5G9KCjXw7/kbSaObK+NBiokPzg9Tpc0BlYZt1z1VvsR/tnyx4hs/U3N1eMqqmOfEI2tX9GDEAZzC6XuuW50sQEF/noVO8RZi9lnNlxKxMGhZ1TGRq3XkPypr8JYNoBisL3Yf3JhqfiH6sCQbXybrH9d05B8zP+jfyMbwDT3p+YMIuHEnnP86JlBZ7CuBAd0VTjC6IBYlUDorSSF3qGD2Me4ajVkOBdo4/dPBgfyqJJQLvC8fD5muwkFH2/0QPDv/KwIDAQAB
220311-15cl1aehbm.json,rsa_pubkey,rsa_pubkey.plain,MIIBIjANBgkqhkiG9w0BAQEFAAOCAQ8AMIIBCgKCAQEAt9uYkHzaizNXg/S11ncTTLybkMtqrKW8gg6TyzbGWnRNROl9O+l1VZBLG0xiMt1mZbuStl8Lt3l1vlkMa92kgLjN+UfKmq3KhBEheN2uMmR0WpwV83kceVRmzr5lug4RyQ/xA6/OXK4NptDIT4L6CUTBWMyk2mmY0Cq9HyyrjdnHeAXWAcQGFEac7W4jTjONZqI+lgScPewS+cPFnz1hAD0IAqzj5X2mZVSfFGR3tDoIe42jw5wb6W2yi8zb3mgKrGtTBbw0Ppj0UgKrmdN5iFmfUQHLEzKAakDggLcBtrW1o5+4WMaZOLw8maU5byvjXu3F3i3GdQe8SKTYcVK5OQIDAQAB
220311-1wqr9segan.json,rsa_pubkey,rsa_pubkey.plain,MIIBIjANBgkqhkiG9w0BAQEFAAOCAQ8AMIIBCgKCAQEA3D239dUfzl7Y+FEyBIVUKxDVWUmtbpu+IsqXBrnkReIe8n2D1TCENiWLdWubNXuorSXhcQ1B7ARBUQIO/mde0ejwOSCjmdT4MBnDrAw7CY3N2bP+TnXOpmLXlC5/czX9xd1HAStHK7zXeKRpbb3TBvDReH7f7jXCcU7kcm5hUILYYInHakw9+DyFuUvT1Wg3EXvTTyA49DcLSbP74i7HNhE98UGzmCcbvU5XNMd+fB1jFA+bGuJ4K+VBn7buPfA0CYdIE8SEyN+/T20XxZB8gFNe69n0+ZRu1wnD0OFFMYllclLoRl5GX77S0nwb07Aty51L0OkEpch4UQ5pBLKamwIDAQAB
220311-qnyssshee7.json,rsa_pubkey,rsa_pubkey.plain,MIIBIjANBgkqhkiG9w0BAQEFAAOCAQ8AMIIBCgKCAQEApEgZ3mH3ZmyBRLGblHo85txXC3swHBu0HPRbI76lyNjmJMyrqaDZ7Bwrhn+W9+8kWqlBPT1XxS4TNqdTpTvBidv/JzpaBBWfbWYfbR4rSH7jgskFgCTpVu6xXd0iNNl59gXZ4KKx+JSW50W/NExIkGiJHvI2S9mcIBQa6P6fj9AD6qeEjJ7inVkgwZrKglMZIcrgYR+APw5HXzM4VFEwUmCu7yZiORglcQKV4Qni39GSXGXd8oNwBpMhj7aAMywAQdFa0y8QZaOfOcYuUD7nl+xvEF2sQu+9RH+dPKpCnXp9dcOHkEwy4O4xK4lOEPl/0MUCVU9z/6fAb77gLDym7wIDAQAB
220311-qt4w1aheh3.json,rsa_pubkey,rsa_pubkey.plain,MIIBIjANBgkqhkiG9w0BAQEFAAOCAQ8AMIIBCgKCAQEAsuKK/f8QG2EmnF+/YkBZuZyOJnHEOo6tQ8gr8Wt3r95cKxG+tS/7BAlEshtu9/2bwJU4InHN5gz69rDZAHMj26TKXXxD8/Of0uRq6td8hFnzlhTFFP2v3Wj/9H2oApTOWnaoEBfgTSD3nkxRf+CeNH9Ya0BzCawpOJ+fjZ0LjsHQOVF5ylVtV1rqKuYGDRVYY74lOvo+X4lMVn2tuXD7HhVyyvNQeGRPkdftmuNyo85nVaTepw7LKspXkA5n2MISRTEszq5b5vNfDqO2BhdKpiVU53ICjXpeeXbcaXbs6Fs735OnGP5i0FVtpjwMa3IK66rhdyLWrOriMZlolt0ogwIDAQAB
220313-t9yxgaacbj.json,rsa_pubkey,rsa_pubkey.plain,MIIBIjANBgkqhkiG9w0BAQEFAAOCAQ8AMIIBCgKCAQEAxNcQGVevxd8Q7pRPSH0Yh78Uv5XkN7Lc8bNRXCiXhaB9hi/kalABlkwLQu4BsMkflERmyC7is5Dp3a+9Sr70iOZo4rI7eUou2R/Bi1VQtJ/gGomGE1upWkCd2FeR8xX6CavhUaoGJ6eTzxpx07XaXzJurzjGV5QiJ7nCFzm0047bZZDzOTc/BDyswrhJ25NNMCwMn2UzZBOpsKM4ALGK1wyAYkRI0QIgMhQhPscj+9H35sECAraMVGXi1g4IHKeCcqvu45XG4ToCkaSUYW4ylWFZmLrsrHLOOqhzyyNjhDqKe38wzwVZYLMkecu7LjhCGAzfqIdb1tzP4pbeF3RSewIDAQAB
220315-nc3w9scchp.json,rsa_pubkey,rsa_pubkey.plain,MIIBIjANBgkqhkiG9w0BAQEFAAOCAQ8AMIIBCgKCAQEAyrzVg5yPauJx2dIAHKwLZbeQ4+MU+2kq7HbJG2imSXXrLm1CtSSD9D672bd3GOicT0KBztOgdLozeugf/ox2MC9+yxo55MdUDsqqH4D0bHazsvGW0BRxeM+bjCvhYQBnGzhZXR8SU9TebHw1gAnEGpL7e6Ir6AH7xS3a7h45AM8LyFglpK5t9SxA457N87MIfx25D4QzpUHBKOMw+PBO9wvghxkPa4TzWj51Nd/2zJhMmzbWttsGaFt/bgk/sqnd8qBEqws0ML9X5S7UDxyhGU7t9TWzT8pt4f8mCYXzbIC4QscTPGNCU6XFTOL1gH9V3rdjwz8aelPRETsEwUKFvQIDAQAB
220319-nw3qlshbb7.json,rsa_pubkey,rsa_pubkey.plain,MIIBIjANBgkqhkiG9w0BAQEFAAOCAQ8AMIIBCgKCAQEAnE630M3nf+YmeSalv276KyJ4P/IdqPHkWzX/xJCMZ+K1g9lcJiH5iGVCE5IXRJ2KDQtTfRlDPV6Oa0YuBTP+kcRczxy7vQHDJrGMspRY7bmCaY/NFMezlzzk584haKyVhNekxcKiDyXYdQLXwCG51c5FTSBjHYFrAU5DHTGZQzDPcN26gelHy4G5owwFsRv/E+HAoATn3AxYp5nXObq8MVzV0UpkBb7ZJrq17HS1F+lSNHKMfKaEq9UwSebCN77OMXh2IJSv9UyJ7KIEEtY40+rOgqYwGw/q7sgUM2u+X3/zrWh1tDOckNoCIFx5UAalSVyoedoKhr/7YqzEx/CzFQIDAQAB
220322-bamfaaeaf5.json,aes_key,aes.plain,mTo6k2HFbwkEky1jZAhGsmddHWMMlgEk
220420-j548ksdeg3.json,rsa_pubkey,rsa_pubkey.plain,MIIBIjANBgkqhkiG9w0BAQEFAAOCAQ8AMIIBCgKCAQEApw3tWdMaWJvNf2Mejy5H0Y6kuj+lstNpwFyismGDEYhWKPps9c68xl+84o6uLKfqPzNvLnSxlVa6DitcJGeKJEQkzN+C1e1KsfzM63jHybREB2hs+dHbqBq4dbamIQcTrrr4mKzuHJ7aok4mlpRx2Un1XOJaodoV7xOHO7ui5v6uK39MJ3rvitSEBvv5oI0WDlp3IFmtd6UM6r2nygY1ncAUuasalZgF1Vaz7VXOWyX2ReQHbYWWRCR1qyKMQcBtjT5POXx9B8ek1pnU4p65kGe9M794Bhhh20GN24gY5a+zwXwstaNTO9luwd4xjjRQAVsDgjrjkzti27G11ICn6wIDAQAB
220420-jzmfksaaak.json,rsa_pubkey,rsa_pubkey.plain,MIIBIjANBgkqhkiG9w0BAQEFAAOCAQ8AMIIBCgKCAQEApw3tWdMaWJvNf2Mejy5H0Y6kuj+lstNpwFyismGDEYhWKPps9c68xl+84o6uLKfqPzNvLnSxlVa6DitcJGeKJEQkzN+C1e1KsfzM63jHybREB2hs+dHbqBq4dbamIQcTrrr4mKzuHJ7aok4mlpRx2Un1XOJaodoV7xOHO7ui5v6uK39MJ3rvitSEBvv5oI0WDlp3IFmtd6UM6r2nygY1ncAUuasalZgF1Vaz7VXOWyX2ReQHbYWWRCR1qyKMQcBtjT5POXx9B8ek1pnU4p65kGe9M794Bhhh20GN24gY5a+zwXwstaNTO9luwd4xjjRQAVsDgjrjkzti27G11ICn6wIDAQAB
